word	synonym	source
亍亘	丨丕乇	synonyms-json
亍亘	乇噩毓	synonyms-json
亍亘	丕乇鬲丿	synonyms-json
亍亘	毓丕丿	synonyms-json
亍亘	賮丕亍	synonyms-json
亍亘	丕賳賯賱亘	synonyms-json
亍亘	賳賰氐	synonyms-json
亍鬲丕	丕亍鬲賱丕	synonyms-json
亍鬲丕	丨賱賮	synonyms-json
亍鬲丕	丕賯爻賲	synonyms-json
亍鬲丕	賷賲賷賳	synonyms-json
亍孬乇	丕禺鬲丕乇	synonyms-json
亍孬乇	丕氐胤賮丕	synonyms-json
亍孬乇	賮囟賱	synonyms-json
亍匕賳	丕毓賱賲	synonyms-json
亍賱	丕賴賱	synonyms-json
亍賱	匕乇賷丞	synonyms-json
亍賳丕亍	爻丕毓丕鬲	synonyms-json
亍賳爻	丕亘氐乇	synonyms-json
亍賳爻	乇亍丕	synonyms-json
亍賳爻	賳馗乇	synonyms-json
亍賳賷丞	爻賯丕賷丞	synonyms-json
亍賳賷丞	氐丨丕賮	synonyms-json
亍賳賷丞	氐賵丕毓	synonyms-json
亍賷丞	爻賲丞	synonyms-json
亍賷丞	毓賱丕賲丞	synonyms-json
丕亍鬲賱丕	亍鬲丕	synonyms-json
丕亍鬲賱丕	丨賱賮	synonyms-json
丕亍鬲賱丕	丕賯爻賲	synonyms-json
丕亍鬲賱丕	賷賲賷賳	synonyms-json
丕亘	賵丕賱丿	synonyms-json
丕亘鬲丕爻	丕爻賷	synonyms-json
丕亘鬲丕爻	亘孬	synonyms-json
丕亘鬲丕爻	丨夭賳	synonyms-json
丕亘鬲丕爻	賰乇亘	synonyms-json
丕亘鬲睾丕	丕乇丕丿	synonyms-json
丕亘鬲睾丕	卮丕亍	synonyms-json
丕亘鬲睾丕	丕氐丕亘	synonyms-json
丕亘鬲賱丕亍	丕禺鬲亘丕乇	synonyms-json
丕亘鬲賱丕亍	睾乇丕賲	synonyms-json
丕亘鬲賱丕亍	鬲賲丨賷氐	synonyms-json
丕亘氐乇	亍賳爻	synonyms-json
丕亘氐乇	乇亍丕	synonyms-json
丕亘氐乇	賳馗乇	synonyms-json
丕亘賯	賮乇	synonyms-json
丕亘賯	賳丕氐	synonyms-json
丕亘賯	賴乇亘	synonyms-json
丕亘賱	毓賷乇	synonyms-json
丕亘賱睾	丕丿丕	synonyms-json
丕亘賱睾	丕賵氐賱	synonyms-json
丕亘賱賷爻	噩亘鬲	synonyms-json
丕亘賱賷爻	卮賷胤丕賳	synonyms-json
丕亘賳	賵賱丿	synonyms-json
丕鬲丕	噩丕亍	synonyms-json
丕鬲丕	丨囟乇	synonyms-json
丕鬲丕	丕賯亘賱	synonyms-json
丕鬲亘毓	鬲亘毓	synonyms-json
丕鬲亘毓	賯氐	synonyms-json
丕鬲亘毓	賯賮丕	synonyms-json
丕鬲亘毓	賱丨賯	synonyms-json
丕孬亘鬲	丨亘爻	synonyms-json
丕孬亘鬲	丕丨氐乇	synonyms-json
丕孬亘鬲	爻噩賳	synonyms-json
丕孬亘鬲	毓賰賮	synonyms-json
丕孬亘鬲	毓囟賱	synonyms-json
丕孬賲	噩乇賲	synonyms-json
丕孬賲	丨賳孬	synonyms-json
丕孬賲	丨賵亘	synonyms-json
丕孬賲	匕賳亘	synonyms-json
丕孬賲	禺胤賷亍丞	synonyms-json
丕孬賲	賲毓氐賷丞	synonyms-json
丕孬賲	毓賳鬲	synonyms-json
丕孬賲	賵夭乇	synonyms-json
丕噩鬲賲丕毓	賱賯丕亍	synonyms-json
丕噩匕丕毓	丕毓噩丕夭	synonyms-json
丕噩乇	孬賵丕亘	synonyms-json
丕噩乇	噩夭丕亍	synonyms-json
丕噩乇	丨爻丕亘	synonyms-json
丕噩乇	丿賷賳	synonyms-json
丕噩賱	丕賲丿	synonyms-json
丕噩賱	毓賲乇	synonyms-json
丕丨氐乇	丕孬亘鬲	synonyms-json
丕丨氐乇	丨亘爻	synonyms-json
丕丨氐乇	爻噩賳	synonyms-json
丕丨氐乇	毓賰賮	synonyms-json
丕丨氐乇	毓囟賱	synonyms-json
丕禺亘鬲	禺卮毓	synonyms-json
丕禺亘鬲	禺囟毓	synonyms-json
丕禺亘鬲	賳夭賱	synonyms-json
丕禺亘鬲	賴亘胤	synonyms-json
丕禺亘乇	丕毓賱賲	synonyms-json
丕禺亘乇	丕賳亘丕	synonyms-json
丕禺鬲丕乇	亍孬乇	synonyms-json
丕禺鬲丕乇	丕氐胤賮丕	synonyms-json
丕禺鬲丕乇	賮囟賱	synonyms-json
丕禺鬲亘丕乇	丕亘鬲賱丕亍	synonyms-json
丕禺鬲亘丕乇	睾乇丕賲	synonyms-json
丕禺鬲亘丕乇	鬲賲丨賷氐	synonyms-json
丕禺鬲賱丕胤	丕賮賰	synonyms-json
丕禺鬲賱丕胤	亘賴鬲丕賳	synonyms-json
丕禺鬲賱丕胤	禺乇氐	synonyms-json
丕禺鬲賱丕胤	卮胤胤	synonyms-json
丕禺鬲賱丕胤	馗丕賴乇	synonyms-json
丕禺鬲賱丕胤	丕賱賯賵賱	synonyms-json
丕禺鬲賱丕胤	賮丕丨卮丞	synonyms-json
丕禺鬲賱丕胤	丕賮鬲乇丕亍	synonyms-json
丕禺鬲賱丕胤	賰匕亘	synonyms-json
丕禺匕	爻賮毓	synonyms-json
丕禺乇	賳爻丕	synonyms-json
丕禺胤丕	賲丕賱	synonyms-json
丕禺賮丕	丕爻乇	synonyms-json
丕禺賮丕	賰鬲賲	synonyms-json
丕禺賮丕	丕賰賳	synonyms-json
丕丿丕	丕亘賱睾	synonyms-json
丕丿丕	丕賵氐賱	synonyms-json
丕丿亘乇	毓爻毓爻	synonyms-json
丕乇丕丿	賰丕丿	synonyms-json
丕乇亘	丨丕噩丞	synonyms-json
丕乇鬲丿	亍亘	synonyms-json
丕乇鬲丿	丨丕乇	synonyms-json
丕乇鬲丿	乇噩毓	synonyms-json
丕乇鬲丿	毓丕丿	synonyms-json
丕乇鬲丿	賮丕亍	synonyms-json
丕乇鬲丿	丕賳賯賱亘	synonyms-json
丕乇鬲丿	賳賰氐	synonyms-json
丕乇鬲賯亘	鬲乇亘氐	synonyms-json
丕乇鬲賯亘	丕賳鬲馗乇	synonyms-json
丕乇爻賱	亘毓孬	synonyms-json
丕乇卮丿	賴丿丕	synonyms-json
丕夭賵丕噩	賳爻丕亍	synonyms-json
丕爻亘丕胤	賯亘丕亍賱	synonyms-json
丕爻鬲胤丕毓丞	胤丕賯丞	synonyms-json
丕爻鬲胤丕毓丞	賯亘賱	synonyms-json
丕爻鬲胤丕毓丞	賯賵丞	synonyms-json
丕爻鬲胤丕毓丞	賯丿乇丞	synonyms-json
丕爻鬲胤丕毓丞	賲乇丞	synonyms-json
丕爻鬲賴夭丕亍	爻禺乇賷丞	synonyms-json
丕爻鬲賴夭丕亍	鬲賮賳賷丿	synonyms-json
丕爻乇	丕禺賮丕	synonyms-json
丕爻乇	賰鬲賲	synonyms-json
丕爻乇	丕賰賳	synonyms-json
丕爻乇毓	亘丕丿乇	synonyms-json
丕爻乇毓	賯氐丿	synonyms-json
丕爻乇毓	丕賴胤毓	synonyms-json
丕爻乇毓	丕賵賮囟	synonyms-json
丕爻乇賮	亘匕乇	synonyms-json
丕爻賮	睾囟亘	synonyms-json
丕爻賷	丕亘鬲丕爻	synonyms-json
丕爻賷	亘孬	synonyms-json
丕爻賷	丨夭賳	synonyms-json
丕爻賷	賰乇亘	synonyms-json
丕卮鬲乇丕	亘丕毓	synonyms-json
丕卮毓賱	爻噩乇	synonyms-json
丕卮毓賱	爻毓乇	synonyms-json
丕卮毓賱	丕賵賯丿	synonyms-json
丕卮賲丕夭	賳賮乇	synonyms-json
丕氐丕亘	丕亘鬲睾丕	synonyms-json
丕氐丕亘	丕乇丕丿	synonyms-json
丕氐丕亘	卮丕亍	synonyms-json
丕氐乇	亘賷毓丞	synonyms-json
丕氐乇	毓賯丿	synonyms-json
丕氐乇	毓賴丿	synonyms-json
丕氐乇	賲賷孬丕賯	synonyms-json
丕氐胤賮丕	亍孬乇	synonyms-json
丕氐胤賮丕	丕禺鬲丕乇	synonyms-json
丕氐胤賮丕	賮囟賱	synonyms-json
丕氐賮丕丿	丕睾賱丕賱	synonyms-json
丕胤丕毓	丕賵亘	synonyms-json
丕胤賮丕	禺賲丿	synonyms-json
丕胤賱毓	丕馗賴乇	synonyms-json
丕胤賱毓	毓孬乇	synonyms-json
丕胤賵丕乇	丕賱賵丕賳	synonyms-json
丕馗賱賲	丕睾胤卮	synonyms-json
丕馗賴乇	丕胤賱毓	synonyms-json
丕毓鬲乇賮	丕賯乇	synonyms-json
丕毓噩丕夭	丕噩匕丕毓	synonyms-json
丕毓乇囟	氐丿賮	synonyms-json
丕毓胤丕	亍鬲丕	synonyms-json
丕毓賱賲	丕禺亘乇	synonyms-json
丕毓賱賲	丕賳亘丕	synonyms-json
丕毓賷丕亍	賱睾賵亘	synonyms-json
丕毓賷丕亍	賳氐亘	synonyms-json
丕睾胤卮	丕馗賱賲	synonyms-json
丕睾賱丕賱	丕氐賮丕丿	synonyms-json
丕賮亍丿丞	乇賰亘丕賳	synonyms-json
丕賮鬲乇丕亍	丕賮賰	synonyms-json
丕賮鬲乇丕亍	亘賴鬲丕賳	synonyms-json
丕賮鬲乇丕亍	禺乇氐	synonyms-json
丕賮鬲乇丕亍	丕禺鬲賱丕胤	synonyms-json
丕賮鬲乇丕亍	卮胤胤	synonyms-json
丕賮鬲乇丕亍	馗丕賴乇	synonyms-json
丕賮鬲乇丕亍	丕賱賯賵賱	synonyms-json
丕賮鬲乇丕亍	賮丕丨卮丞	synonyms-json
丕賮鬲乇丕亍	賰匕亘	synonyms-json
丕賮爻丿賴丕	丿爻丕賴丕	synonyms-json
丕賮囟丕	乇賮孬	synonyms-json
丕賮賰	亘賴鬲丕賳	synonyms-json
丕賮賰	禺乇氐	synonyms-json
丕賮賰	丕禺鬲賱丕胤	synonyms-json
丕賮賰	卮胤胤	synonyms-json
丕賮賰	馗丕賴乇	synonyms-json
丕賮賰	丕賱賯賵賱	synonyms-json
丕賮賰	賮丕丨卮丞	synonyms-json
丕賮賰	丕賮鬲乇丕亍	synonyms-json
丕賮賰	賰匕亘	synonyms-json
丕賮賱	毓夭亘	synonyms-json
丕賮賱	睾丕亘	synonyms-json
丕賮賷囟賵丕	丕賳賮乇賵丕	synonyms-json
丕賯亘賱	丕鬲丕	synonyms-json
丕賯亘賱	噩丕亍	synonyms-json
丕賯亘賱	丨囟乇	synonyms-json
丕賯鬲	噩賲毓	synonyms-json
丕賯鬲	乇賰賲	synonyms-json
丕賯鬲	爻噩乇	synonyms-json
丕賯乇	丕毓鬲乇賮	synonyms-json
丕賯爻賲	亍鬲丕	synonyms-json
丕賯爻賲	丕亍鬲賱丕	synonyms-json
丕賯爻賲	丨賱賮	synonyms-json
丕賯爻賲	賷賲賷賳	synonyms-json
丕賯賲丨	丕賯賳毓	synonyms-json
丕賯賲丨	賳賰爻	synonyms-json
丕賯賳毓	丕賯賲丨	synonyms-json
丕賯賳毓	賳賰爻	synonyms-json
丕賰賳	丕禺賮丕	synonyms-json
丕賰賳	丕爻乇	synonyms-json
丕賰賳	賰鬲賲	synonyms-json
丕賰賳丕賳	亘賷賵鬲	synonyms-json
丕賰賳丕賳	丿賷丕乇	synonyms-json
丕賰賳丕賳	賲爻丕賰賳	synonyms-json
丕賰賳丕賳	氐乇丨	synonyms-json
丕賱	賯乇丕亘丞	synonyms-json
丕賱丕毓賱丕賳	丕賱亘丿賵	synonyms-json
丕賱丕毓賱丕賳	丕賱馗賴賵乇	synonyms-json
丕賱丕賳賰丕乇	丕賱噩丨丿	synonyms-json
丕賱亘丿賵	丕賱馗賴賵乇	synonyms-json
丕賱亘丿賵	丕賱丕毓賱丕賳	synonyms-json
丕賱亘賴賱	丕賱乇噩賲	synonyms-json
丕賱亘賴賱	丕賱胤乇丿	synonyms-json
丕賱亘賴賱	丕賱賰亘鬲	synonyms-json
丕賱亘賴賱	丕賱賱毓賳	synonyms-json
丕賱鬲	亘禺爻	synonyms-json
丕賱鬲	禺爻乇	synonyms-json
丕賱鬲	賳賯氐	synonyms-json
丕賱鬲	賴囟賲	synonyms-json
丕賱鬲	賵鬲乇	synonyms-json
丕賱噩丨丿	丕賱丕賳賰丕乇	synonyms-json
丕賱噩丨賷賲	丕賱丨乇賷賯	synonyms-json
丕賱噩丨賷賲	丕賱爻毓賷乇	synonyms-json
丕賱噩丨賷賲	丕賱賳丕乇	synonyms-json
丕賱噩乇賲	丕賱丨乇噩	synonyms-json
丕賱噩乇賲	丕賱丨爻亘丕賳	synonyms-json
丕賱噩乇賲	丕賱乇噩賲	synonyms-json
丕賱噩乇賲	丕賱乇賷亘	synonyms-json
丕賱噩乇賲	丕賱夭毓賲	synonyms-json
丕賱噩乇賲	丕賱馗賳	synonyms-json
丕賱噩乇賲	丕賱賲乇囟	synonyms-json
丕賱噩乇賲	丕賱賲乇賷丞	synonyms-json
丕賱丨乇噩	丕賱噩乇賲	synonyms-json
丕賱丨乇噩	丕賱丨爻亘丕賳	synonyms-json
丕賱丨乇噩	丕賱乇噩賲	synonyms-json
丕賱丨乇噩	丕賱乇賷亘	synonyms-json
丕賱丨乇噩	丕賱夭毓賲	synonyms-json
丕賱丨乇噩	丕賱馗賳	synonyms-json
丕賱丨乇噩	丕賱賲乇囟	synonyms-json
丕賱丨乇噩	丕賱賲乇賷丞	synonyms-json
丕賱丨乇賷賯	丕賱噩丨賷賲	synonyms-json
丕賱丨乇賷賯	丕賱爻毓賷乇	synonyms-json
丕賱丨乇賷賯	丕賱賳丕乇	synonyms-json
丕賱丨爻亘丕賳	丕賱噩乇賲	synonyms-json
丕賱丨爻亘丕賳	丕賱丨乇噩	synonyms-json
丕賱丨爻亘丕賳	丕賱乇噩賲	synonyms-json
丕賱丨爻亘丕賳	丕賱乇賷亘	synonyms-json
丕賱丨爻亘丕賳	丕賱夭毓賲	synonyms-json
丕賱丨爻亘丕賳	丕賱馗賳	synonyms-json
丕賱丨爻亘丕賳	丕賱賲乇囟	synonyms-json
丕賱丨爻亘丕賳	丕賱賲乇賷丞	synonyms-json
丕賱乇噩賲	丕賱噩乇賲	synonyms-json
丕賱乇噩賲	丕賱丨乇噩	synonyms-json
丕賱乇噩賲	丕賱丨爻亘丕賳	synonyms-json
丕賱乇噩賲	丕賱乇賷亘	synonyms-json
丕賱乇噩賲	丕賱夭毓賲	synonyms-json
丕賱乇噩賲	丕賱馗賳	synonyms-json
丕賱乇噩賲	丕賱賲乇囟	synonyms-json
丕賱乇噩賲	丕賱賲乇賷丞	synonyms-json
丕賱乇丨賲賳	丕賱乇丨賷賲	synonyms-json
丕賱乇丨賷賲	丕賱乇丨賲賳	synonyms-json
丕賱乇爻賵賱	丕賱賳亘賷	synonyms-json
丕賱乇賷亘	丕賱噩乇賲	synonyms-json
丕賱乇賷亘	丕賱丨乇噩	synonyms-json
丕賱乇賷亘	丕賱丨爻亘丕賳	synonyms-json
丕賱乇賷亘	丕賱乇噩賲	synonyms-json
丕賱乇賷亘	丕賱夭毓賲	synonyms-json
丕賱乇賷亘	丕賱馗賳	synonyms-json
丕賱乇賷亘	丕賱賲乇囟	synonyms-json
丕賱乇賷亘	丕賱賲乇賷丞	synonyms-json
丕賱夭毓賲	丕賱噩乇賲	synonyms-json
丕賱夭毓賲	丕賱丨乇噩	synonyms-json
丕賱夭毓賲	丕賱丨爻亘丕賳	synonyms-json
丕賱夭毓賲	丕賱乇噩賲	synonyms-json
丕賱夭毓賲	丕賱乇賷亘	synonyms-json
丕賱夭毓賲	丕賱馗賳	synonyms-json
丕賱夭毓賲	丕賱賲乇囟	synonyms-json
丕賱夭毓賲	丕賱賲乇賷丞	synonyms-json
丕賱爻毓賷乇	丕賱噩丨賷賲	synonyms-json
丕賱爻毓賷乇	丕賱丨乇賷賯	synonyms-json
丕賱爻毓賷乇	丕賱賳丕乇	synonyms-json
丕賱爻賱賲	丕賱氐賱丨	synonyms-json
丕賱爻賲賵丕鬲	丕賱胤乇丕亍賯	synonyms-json
丕賱卮亘賴	丕賱卮賰賱	synonyms-json
丕賱卮賰賱	丕賱卮亘賴	synonyms-json
丕賱氐丕毓賯丞	丕賱賲賵鬲丞	synonyms-json
丕賱氐賱丨	丕賱爻賱賲	synonyms-json
丕賱囟丿	丕賱毓丿賵	synonyms-json
丕賱胤乇丕亍賯	丕賱爻賲賵丕鬲	synonyms-json
丕賱胤乇丿	丕賱亘賴賱	synonyms-json
丕賱胤乇丿	丕賱乇噩賲	synonyms-json
丕賱胤乇丿	丕賱賰亘鬲	synonyms-json
丕賱胤乇丿	丕賱賱毓賳	synonyms-json
丕賱馗賱	丕賱賮賷亍	synonyms-json
丕賱馗賳	丕賱噩乇賲	synonyms-json
丕賱馗賳	丕賱丨乇噩	synonyms-json
丕賱馗賳	丕賱丨爻亘丕賳	synonyms-json
丕賱馗賳	丕賱乇噩賲	synonyms-json
丕賱馗賳	丕賱乇賷亘	synonyms-json
丕賱馗賳	丕賱夭毓賲	synonyms-json
丕賱馗賳	丕賱賲乇囟	synonyms-json
丕賱馗賳	丕賱賲乇賷丞	synonyms-json
丕賱馗賴賵乇	丕賱亘丿賵	synonyms-json
丕賱馗賴賵乇	丕賱丕毓賱丕賳	synonyms-json
丕賱毓孬賵	丕賱賮爻丕丿	synonyms-json
丕賱毓丿賵	丕賱囟丿	synonyms-json
丕賱毓乇卮	丕賱賰乇爻賷	synonyms-json
丕賱毓夭賲	丕賱賯賵丞	synonyms-json
丕賱賮丕	孬賯賮	synonyms-json
丕賱賮丕	賱賯賷	synonyms-json
丕賱賮丕	賵噩丿	synonyms-json
丕賱賮爻丕丿	丕賱毓孬賵	synonyms-json
丕賱賮賷亍	丕賱馗賱	synonyms-json
丕賱賯賵丞	丕賱毓夭賲	synonyms-json
丕賱賯賵賱	丕賮賰	synonyms-json
丕賱賯賵賱	亘賴鬲丕賳	synonyms-json
丕賱賯賵賱	禺乇氐	synonyms-json
丕賱賯賵賱	丕禺鬲賱丕胤	synonyms-json
丕賱賯賵賱	卮胤胤	synonyms-json
丕賱賯賵賱	馗丕賴乇	synonyms-json
丕賱賯賵賱	賮丕丨卮丞	synonyms-json
丕賱賯賵賱	丕賮鬲乇丕亍	synonyms-json
丕賱賯賵賱	賰匕亘	synonyms-json
丕賱賰亘鬲	丕賱亘賴賱	synonyms-json
丕賱賰亘鬲	丕賱乇噩賲	synonyms-json
丕賱賰亘鬲	丕賱胤乇丿	synonyms-json
丕賱賰亘鬲	丕賱賱毓賳	synonyms-json
丕賱賰乇爻賷	丕賱毓乇卮	synonyms-json
丕賱賱毓賳	丕賱亘賴賱	synonyms-json
丕賱賱毓賳	丕賱乇噩賲	synonyms-json
丕賱賱毓賳	丕賱胤乇丿	synonyms-json
丕賱賱毓賳	丕賱賰亘鬲	synonyms-json
丕賱賲	賵氐亘	synonyms-json
丕賱賲乇囟	丕賱噩乇賲	synonyms-json
丕賱賲乇囟	丕賱丨乇噩	synonyms-json
丕賱賲乇囟	丕賱丨爻亘丕賳	synonyms-json
丕賱賲乇囟	丕賱乇噩賲	synonyms-json
丕賱賲乇囟	丕賱乇賷亘	synonyms-json
丕賱賲乇囟	丕賱夭毓賲	synonyms-json
丕賱賲乇囟	丕賱馗賳	synonyms-json
丕賱賲乇囟	丕賱賲乇賷丞	synonyms-json
丕賱賲乇賷丞	丕賱噩乇賲	synonyms-json
丕賱賲乇賷丞	丕賱丨乇噩	synonyms-json
丕賱賲乇賷丞	丕賱丨爻亘丕賳	synonyms-json
丕賱賲乇賷丞	丕賱乇噩賲	synonyms-json
丕賱賲乇賷丞	丕賱乇賷亘	synonyms-json
丕賱賲乇賷丞	丕賱夭毓賲	synonyms-json
丕賱賲乇賷丞	丕賱馗賳	synonyms-json
丕賱賲乇賷丞	丕賱賲乇囟	synonyms-json
丕賱賲賵鬲丞	丕賱氐丕毓賯丞	synonyms-json
丕賱賳丕乇	丕賱噩丨賷賲	synonyms-json
丕賱賳丕乇	丕賱丨乇賷賯	synonyms-json
丕賱賳丕乇	丕賱爻毓賷乇	synonyms-json
丕賱賳亘賷	丕賱乇爻賵賱	synonyms-json
丕賱賳賯賷囟	丕賱囟丿	synonyms-json
丕賱賴賲	丕賵丨丕	synonyms-json
丕賱賴賲	丕賵夭毓	synonyms-json
丕賱賵丕賳	丕胤賵丕乇	synonyms-json
丕賲	賵丕賱丿丞	synonyms-json
丕賲丕賲	賵乇丕亍	synonyms-json
丕賲丕賲	乇賯賷賲	synonyms-json
丕賲丕賲	賲爻胤賵乇	synonyms-json
丕賲丕賲	爻賮乇	synonyms-json
丕賲丕賲	賯胤	synonyms-json
丕賲丕賲	賰鬲丕亘	synonyms-json
丕賲丕賲	賱賵丨	synonyms-json
丕賲丞	囟賱丕賱	synonyms-json
丕賲丞	賳爻賷丕賳	synonyms-json
丕賲丿	丕賲賱	synonyms-json
丕賲丿	乇噩丕亍	synonyms-json
丕賲丿	胤賲毓	synonyms-json
丕賲乇	毓噩亘	synonyms-json
丕賲乇亍	乇亘賷	synonyms-json
丕賲乇亍	乇噩賱	synonyms-json
丕賲爻賰	賰賮	synonyms-json
丕賲賱	丕賲丿	synonyms-json
丕賲賱	乇噩丕亍	synonyms-json
丕賲賱	胤賲毓	synonyms-json
丕賲賱丕賯	禺氐丕氐丞	synonyms-json
丕賲賱丕賯	毓賷賱丞	synonyms-json
丕賲賱丕賯	賮賯乇	synonyms-json
丕賲賴賱	丕賳馗乇	synonyms-json
丕賲賴賱	丕賳鬲馗乇	synonyms-json
丕賳丕	氐賴乇	synonyms-json
丕賳丕	賳囟噩	synonyms-json
丕賳丕賲	亘卮乇	synonyms-json
丕賳丕賲	亘乇賷丞	synonyms-json
丕賳丕賲	噩亘賱丞	synonyms-json
丕賳丕賲	禺賱賯	synonyms-json
丕賳丕賲	賳丕爻	synonyms-json
丕賳亘丕	丕禺亘乇	synonyms-json
丕賳亘丕	丕毓賱賲	synonyms-json
丕賳亘賳丕	鬲亘賳丕	synonyms-json
丕賳亘賳丕	賴丿賳丕	synonyms-json
丕賳鬲馗乇	丕賲賴賱	synonyms-json
丕賳鬲馗乇	丕賳馗乇	synonyms-json
丕賳卮賯鬲	賮乇噩鬲	synonyms-json
丕賳卮賯鬲	丕賳賮胤乇鬲	synonyms-json
丕賳卮賯鬲	賰卮胤鬲	synonyms-json
丕賳卮賯鬲	賲丕乇鬲	synonyms-json
丕賳馗乇	丕賲賴賱	synonyms-json
丕賳馗乇	丕賳鬲馗乇	synonyms-json
丕賳賮	禺乇胤賵賲	synonyms-json
丕賳賮乇賵丕	丕賮賷囟賵丕	synonyms-json
丕賳賮囟賵丕	匕賴亘賵丕	synonyms-json
丕賳賮囟賵丕	賲囟賵丕	synonyms-json
丕賳賮胤乇鬲	丕賳卮賯鬲	synonyms-json
丕賳賮胤乇鬲	賮乇噩鬲	synonyms-json
丕賳賮胤乇鬲	賰卮胤鬲	synonyms-json
丕賳賮胤乇鬲	賲丕乇鬲	synonyms-json
丕賳賯賱亘	亍亘	synonyms-json
丕賳賯賱亘	丨丕乇	synonyms-json
丕賳賯賱亘	乇噩毓	synonyms-json
丕賳賯賱亘	丕乇鬲丿	synonyms-json
丕賳賯賱亘	毓丕丿	synonyms-json
丕賳賯賱亘	賮丕亍	synonyms-json
丕賳賯賱亘	賳賰氐	synonyms-json
丕賳賰丿乇鬲	胤賲爻鬲	synonyms-json
丕賴胤毓	亘丕丿乇	synonyms-json
丕賴胤毓	丕爻乇毓	synonyms-json
丕賴胤毓	賯氐丿	synonyms-json
丕賴胤毓	丕賵賮囟	synonyms-json
丕賴賱	亍賱	synonyms-json
丕賴賱	匕乇賷丞	synonyms-json
丕賵亘	丕胤丕毓	synonyms-json
丕賵丨丕	丕賱賴賲	synonyms-json
丕賵丨丕	丕賵夭毓	synonyms-json
丕賵夭毓	丕賱賴賲	synonyms-json
丕賵夭毓	丕賵丨丕	synonyms-json
丕賵氐丿	爻賰乇	synonyms-json
丕賵氐丿	睾賱賯	synonyms-json
丕賵氐賱	丕丿丕	synonyms-json
丕賵氐賱	丕亘賱睾	synonyms-json
丕賵賮囟	亘丕丿乇	synonyms-json
丕賵賮囟	丕爻乇毓	synonyms-json
丕賵賮囟	賯氐丿	synonyms-json
丕賵賮囟	丕賴胤毓	synonyms-json
丕賵賯丿	爻噩乇	synonyms-json
丕賵賯丿	爻毓乇	synonyms-json
丕賵賯丿	丕卮毓賱	synonyms-json
丕賵賱	賮爻乇	synonyms-json
丕賷丿	賯賵丕	synonyms-json
丕賷賯賳	鬲亘賷賳	synonyms-json
丕賷賯賳	賷亍爻	synonyms-json
亘亍乇	噩亘	synonyms-json
亘亍乇	乇爻	synonyms-json
亘亍賷爻	乇丕亘賷丞	synonyms-json
亘亍賷爻	卮丿賷丿	synonyms-json
亘亍賷爻	毓氐賷亘	synonyms-json
亘亍賷爻	賵亘賷賱	synonyms-json
亘丕亍爻	賲爻賰賷賳	synonyms-json
亘丕亍爻	賲毓鬲乇	synonyms-json
亘丕亍爻	毓丕亍賱	synonyms-json
亘丕亍爻	賮賯賷乇	synonyms-json
亘丕亍爻	賯丕賳毓	synonyms-json
亘丕亍爻	賲賲賱賯	synonyms-json
亘丕丿乇	丕爻乇毓	synonyms-json
亘丕丿乇	賯氐丿	synonyms-json
亘丕丿乇	丕賴胤毓	synonyms-json
亘丕丿乇	丕賵賮囟	synonyms-json
亘丕乇亍	亘丿賷毓	synonyms-json
亘丕乇亍	噩丕毓賱	synonyms-json
亘丕乇亍	禺丕賱賯	synonyms-json
亘丕乇亍	匕丕乇亍	synonyms-json
亘丕乇亍	氐丕賳毓	synonyms-json
亘丕乇亍	賮丕胤乇	synonyms-json
亘丕爻丕亍	囟乇丕亍	synonyms-json
亘丕胤賱	賮丕爻丿	synonyms-json
亘丕毓	丕卮鬲乇丕	synonyms-json
亘孬	丕爻賷	synonyms-json
亘孬	丕亘鬲丕爻	synonyms-json
亘孬	丨夭賳	synonyms-json
亘孬	賰乇亘	synonyms-json
亘丨乇	賷賲	synonyms-json
亘禺爻	丕賱鬲	synonyms-json
亘禺爻	禺爻乇	synonyms-json
亘禺爻	賳賯氐	synonyms-json
亘禺爻	賴囟賲	synonyms-json
亘禺爻	賵鬲乇	synonyms-json
亘禺毓	毓亘丿	synonyms-json
亘禺毓	賯鬲賱	synonyms-json
亘禺賷賱	卮丨賷丨	synonyms-json
亘禺賷賱	卮丿賷丿	synonyms-json
亘禺賷賱	囟賳賷賳	synonyms-json
亘丿賳	噩爻賲	synonyms-json
亘丿賳	噩爻丿	synonyms-json
亘丿賷毓	亘丕乇亍	synonyms-json
亘丿賷毓	噩丕毓賱	synonyms-json
亘丿賷毓	禺丕賱賯	synonyms-json
亘丿賷毓	匕丕乇亍	synonyms-json
亘丿賷毓	氐丕賳毓	synonyms-json
亘丿賷毓	賮丕胤乇	synonyms-json
亘匕乇	丕爻乇賮	synonyms-json
亘乇丿	賳賵賲	synonyms-json
亘乇夭禺	丨噩丕亘	synonyms-json
亘乇夭禺	丨丕噩夭	synonyms-json
亘乇夭禺	爻鬲乇	synonyms-json
亘乇夭禺	睾胤丕亍	synonyms-json
亘乇賰丞	夭賷丕丿丞	synonyms-json
亘乇賴丕賳	亘賷丕賳	synonyms-json
亘乇賴丕賳	丨噩丞	synonyms-json
亘乇賴丕賳	丿賱賷賱	synonyms-json
亘乇賴丕賳	爻賱胤丕賳	synonyms-json
亘乇賷丞	丕賳丕賲	synonyms-json
亘乇賷丞	亘卮乇	synonyms-json
亘乇賷丞	噩亘賱丞	synonyms-json
亘乇賷丞	禺賱賯	synonyms-json
亘乇賷丞	賳丕爻	synonyms-json
亘夭睾	胤賱毓	synonyms-json
亘爻胤丞	爻毓丞	synonyms-json
亘卮乇	丕賳丕賲	synonyms-json
亘卮乇	亘乇賷丞	synonyms-json
亘卮乇	噩亘賱丞	synonyms-json
亘卮乇	禺賱賯	synonyms-json
亘卮乇	賳丕爻	synonyms-json
亘胤丕鬲丞	賵賱賷噩丞	synonyms-json
亘胤賳	噩賵賮	synonyms-json
亘毓孬	丕乇爻賱	synonyms-json
亘毓丿	亘賵丕乇	synonyms-json
亘毓丿	鬲亘丕乇	synonyms-json
亘毓丿	鬲丿賲賷乇	synonyms-json
亘毓丿	賴賱丕賰	synonyms-json
亘毓賱	夭賵噩	synonyms-json
亘毓賷丿	賯丕氐	synonyms-json
亘毓賷丿	賳丕亍	synonyms-json
亘毓賷乇	丨賲丕乇	synonyms-json
亘睾囟丕亍	卮賳亍賳	synonyms-json
亘睾囟丕亍	賯賱丕	synonyms-json
亘睾囟丕亍	賰乇賴	synonyms-json
亘睾囟丕亍	賲賯鬲	synonyms-json
亘睾賷	丨爻丿	synonyms-json
亘賱爻	賯賳胤	synonyms-json
亘賱爻	禺丕亘	synonyms-json
亘賱爻	賷亍爻	synonyms-json
亘賴鬲丕賳	丕賮賰	synonyms-json
亘賴鬲丕賳	禺乇氐	synonyms-json
亘賴鬲丕賳	丕禺鬲賱丕胤	synonyms-json
亘賴鬲丕賳	卮胤胤	synonyms-json
亘賴鬲丕賳	馗丕賴乇	synonyms-json
亘賴鬲丕賳	丕賱賯賵賱	synonyms-json
亘賴鬲丕賳	賮丕丨卮丞	synonyms-json
亘賴鬲丕賳	丕賮鬲乇丕亍	synonyms-json
亘賴鬲丕賳	賰匕亘	synonyms-json
亘賵丕乇	亘毓丿	synonyms-json
亘賵丕乇	鬲亘丕乇	synonyms-json
亘賵丕乇	鬲丿賲賷乇	synonyms-json
亘賵丕乇	賴賱丕賰	synonyms-json
亘賷丕賳	亘乇賴丕賳	synonyms-json
亘賷丕賳	丨噩丞	synonyms-json
亘賷丕賳	丿賱賷賱	synonyms-json
亘賷丕賳	爻賱胤丕賳	synonyms-json
亘賷毓丞	丕氐乇	synonyms-json
亘賷毓丞	毓賯丿	synonyms-json
亘賷毓丞	毓賴丿	synonyms-json
亘賷毓丞	賲賷孬丕賯	synonyms-json
亘賷賵鬲	丿賷丕乇	synonyms-json
亘賷賵鬲	賲爻丕賰賳	synonyms-json
亘賷賵鬲	氐乇丨	synonyms-json
亘賷賵鬲	丕賰賳丕賳	synonyms-json
鬲丕乇丞	賲乇丞	synonyms-json
鬲亘丕亘	禺爻乇丕賳	synonyms-json
鬲亘丕乇	亘毓丿	synonyms-json
鬲亘丕乇	亘賵丕乇	synonyms-json
鬲亘丕乇	鬲丿賲賷乇	synonyms-json
鬲亘丕乇	賴賱丕賰	synonyms-json
鬲亘毓	丕鬲亘毓	synonyms-json
鬲亘毓	賯氐	synonyms-json
鬲亘毓	賯賮丕	synonyms-json
鬲亘毓	賱丨賯	synonyms-json
鬲亘賳丕	丕賳亘賳丕	synonyms-json
鬲亘賳丕	賴丿賳丕	synonyms-json
鬲亘賷賳	賷亍爻	synonyms-json
鬲亘賷賳	丕賷賯賳	synonyms-json
鬲孬乇賷亘	賱賵賲	synonyms-json
鬲噩爻爻	鬲丨爻爻	synonyms-json
鬲丨爻爻	鬲噩爻爻	synonyms-json
鬲丨賷丞	爻賱丕賲	synonyms-json
鬲丿亘乇	鬲賮賰乇	synonyms-json
鬲丿賲賷乇	亘毓丿	synonyms-json
鬲丿賲賷乇	亘賵丕乇	synonyms-json
鬲丿賲賷乇	鬲亘丕乇	synonyms-json
鬲丿賲賷乇	賴賱丕賰	synonyms-json
鬲乇丕亘	孬乇丕	synonyms-json
鬲乇亘氐	丕乇鬲賯亘	synonyms-json
鬲乇亘氐	丕賳鬲馗乇	synonyms-json
鬲乇丿丕	夭賴賯	synonyms-json
鬲乇丿丕	賲丕鬲	synonyms-json
鬲乇丿丕	賴賱賰	synonyms-json
鬲爻賱賷賲	乇囟丕	synonyms-json
鬲爻賱賷賲	鬲賮賵賷囟	synonyms-json
鬲賮賰乇	鬲丿亘乇	synonyms-json
鬲賮賳賷丿	爻禺乇賷丞	synonyms-json
鬲賮賳賷丿	丕爻鬲賴夭丕亍	synonyms-json
鬲賮賵賷囟	乇囟丕	synonyms-json
鬲賮賵賷囟	鬲爻賱賷賲	synonyms-json
鬲賰匕賷亘	夭賵乇	synonyms-json
鬲賰匕賷亘	鬲賮賳賷丿	synonyms-json
鬲賱丕	賯乇丕	synonyms-json
鬲賱賯丕亍	卮胤乇	synonyms-json
鬲賲	賰賲賱	synonyms-json
鬲賲孬丕賱	乇噩夭	synonyms-json
鬲賲孬丕賱	氐賳賲	synonyms-json
鬲賲孬丕賱	胤丕睾賵鬲	synonyms-json
鬲賲孬丕賱	賵孬賳	synonyms-json
鬲賲丨賷氐	丕亘鬲賱丕亍	synonyms-json
鬲賲丨賷氐	丕禺鬲亘丕乇	synonyms-json
鬲賲丨賷氐	睾乇丕賲	synonyms-json
鬲賲夭賯	鬲賲賷夭	synonyms-json
鬲賲賷夭	鬲賲夭賯	synonyms-json
孬丕賯亘	丿乇賷	synonyms-json
孬丕賯亘	賲囟賷亍	synonyms-json
孬亘丕鬲	孬賱丞	synonyms-json
孬亘丕鬲	丨夭亘	synonyms-json
孬亘丕鬲	乇賴胤	synonyms-json
孬亘丕鬲	夭賲乇丞	synonyms-json
孬亘丕鬲	卮乇匕賲丞	synonyms-json
孬亘丕鬲	胤丕亍賮丞	synonyms-json
孬亘丕鬲	毓氐亘丞	synonyms-json
孬亘丕鬲	賮亍丞	synonyms-json
孬亘丕鬲	賮乇賷賯	synonyms-json
孬亘丕鬲	賮賵噩	synonyms-json
孬亘丕鬲	賳賮乇	synonyms-json
孬亘丕鬲	賲賵丕賱賷	synonyms-json
孬乇丕	鬲乇丕亘	synonyms-json
孬毓亘丕賳	噩丕賳	synonyms-json
孬賯賮	丕賱賮丕	synonyms-json
孬賯賮	賱賯賷	synonyms-json
孬賯賮	賵噩丿	synonyms-json
孬賯賱鬲	禺賮鬲	synonyms-json
孬賱丞	孬亘丕鬲	synonyms-json
孬賱丞	丨夭亘	synonyms-json
孬賱丞	乇賴胤	synonyms-json
孬賱丞	夭賲乇丞	synonyms-json
孬賱丞	卮乇匕賲丞	synonyms-json
孬賱丞	胤丕亍賮丞	synonyms-json
孬賱丞	毓氐亘丞	synonyms-json
孬賱丞	賮亍丞	synonyms-json
孬賱丞	賮乇賷賯	synonyms-json
孬賱丞	賮賵噩	synonyms-json
孬賱丞	賳賮乇	synonyms-json
孬賱丞	賲賵丕賱賷	synonyms-json
孬賲賳	賯賷賲丞	synonyms-json
孬賵丕	賱亘孬	synonyms-json
孬賵丕	賲賰孬	synonyms-json
孬賵丕亘	丕噩乇	synonyms-json
孬賵丕亘	噩夭丕亍	synonyms-json
孬賵丕亘	丨爻丕亘	synonyms-json
孬賵丕亘	丿賷賳	synonyms-json
孬賷丕亘	賱亘丕爻	synonyms-json
噩丕亍	丕鬲丕	synonyms-json
噩丕亍	丨囟乇	synonyms-json
噩丕亍	丕賯亘賱	synonyms-json
噩丕亘	賳丨鬲	synonyms-json
噩丕乇賷丞	爻賮賷賳丞	synonyms-json
噩丕乇賷丞	賮賱賰	synonyms-json
噩丕乇賷丞	賲丕禺乇丞	synonyms-json
噩丕毓賱	亘丿賷毓	synonyms-json
噩丕毓賱	亘丕乇亍	synonyms-json
噩丕毓賱	禺丕賱賯	synonyms-json
噩丕毓賱	匕丕乇亍	synonyms-json
噩丕毓賱	氐丕賳毓	synonyms-json
噩丕毓賱	賮丕胤乇	synonyms-json
噩丕賳	孬毓亘丕賳	synonyms-json
噩丕賳亘	丨丿亘	synonyms-json
噩丕賴賱	爻賮賷賴	synonyms-json
噩亘	亘亍乇	synonyms-json
噩亘	乇爻	synonyms-json
噩亘鬲	丕亘賱賷爻	synonyms-json
噩亘鬲	卮賷胤丕賳	synonyms-json
噩亘賱	氐丿賮	synonyms-json
噩亘賱	胤賵丿	synonyms-json
噩亘賱	胤賵乇	synonyms-json
噩亘賱丞	丕賳丕賲	synonyms-json
噩亘賱丞	亘卮乇	synonyms-json
噩亘賱丞	亘乇賷丞	synonyms-json
噩亘賱丞	禺賱賯	synonyms-json
噩亘賱丞	賳丕爻	synonyms-json
噩亘賴丞	噩亘賷賳	synonyms-json
噩亘賷賳	噩亘賴丞	synonyms-json
噩丿丕乇	爻賵乇	synonyms-json
噩丿丕賱	丨噩丕噩	synonyms-json
噩丿丕賱	賲乇丕亍	synonyms-json
噩丿孬	賯亘乇	synonyms-json
噩丿丿	丨亘賰	synonyms-json
噩丿丿	乇賷毓	synonyms-json
噩丿丿	爻亘賷賱	synonyms-json
噩丿丿	氐乇丕胤	synonyms-json
噩丿丿	胤乇賷賯	synonyms-json
噩丿丿	賮噩	synonyms-json
噩丿丿	賳噩丿	synonyms-json
噩匕	賯胤毓	synonyms-json
噩乇賲	丕孬賲	synonyms-json
噩乇賲	丨賳孬	synonyms-json
噩乇賲	丨賵亘	synonyms-json
噩乇賲	匕賳亘	synonyms-json
噩乇賲	禺胤賷亍丞	synonyms-json
噩乇賲	賲毓氐賷丞	synonyms-json
噩乇賲	毓賳鬲	synonyms-json
噩乇賲	賵夭乇	synonyms-json
噩夭丕亍	丕噩乇	synonyms-json
噩夭丕亍	孬賵丕亘	synonyms-json
噩夭丕亍	丨爻丕亘	synonyms-json
噩夭丕亍	丿賷賳	synonyms-json
噩爻丿	亘丿賳	synonyms-json
噩爻丿	噩爻賲	synonyms-json
噩爻賲	亘丿賳	synonyms-json
噩爻賲	噩爻丿	synonyms-json
噩賲	睾丿賯	synonyms-json
噩賲	賰孬賷乇	synonyms-json
噩賲	賱亘丿	synonyms-json
噩賲毓	乇賰賲	synonyms-json
噩賲毓	爻噩乇	synonyms-json
噩賲毓	丕賯鬲	synonyms-json
噩賲賷毓丕	賱賮賷賮丕	synonyms-json
噩賳	卮賷丕胤賷賳	synonyms-json
噩賳丕丨	賷丿	synonyms-json
噩賳丞	賮乇丿賵爻	synonyms-json
噩賳丞	賳毓賷賲	synonyms-json
噩賳丞	丨丿賷賯丞	synonyms-json
噩賳丨	噩賳賮	synonyms-json
噩賳丨	乇賰賳	synonyms-json
噩賳丨	夭丕睾	synonyms-json
噩賳丨	氐睾丕	synonyms-json
噩賳丨	毓丕賱	synonyms-json
噩賳丨	賲丕丿	synonyms-json
噩賳丨	賲丕賱	synonyms-json
噩賳賮	噩賳丨	synonyms-json
噩賳賮	乇賰賳	synonyms-json
噩賳賮	夭丕睾	synonyms-json
噩賳賮	氐睾丕	synonyms-json
噩賳賮	毓丕賱	synonyms-json
噩賳賮	賲丕丿	synonyms-json
噩賳賮	賲丕賱	synonyms-json
噩賵乇	乇賴賯	synonyms-json
噩賵乇	囟賷夭	synonyms-json
噩賵乇	馗賱賲	synonyms-json
噩賵乇	賴囟賲	synonyms-json
噩賵毓	賲禺賲氐丞	synonyms-json
噩賵毓	賲爻睾亘丞	synonyms-json
噩賵毓	丕賲賱丕賯	synonyms-json
噩賵賮	亘胤賳	synonyms-json
噩賷丕丿	禺賷乇	synonyms-json
噩賷丕丿	禺賷賱	synonyms-json
噩賷丕丿	毓丕丿賷丕鬲	synonyms-json
噩賷丿	乇賯亘丞	synonyms-json
噩賷丿	毓賳賯	synonyms-json
丨丕噩丞	丕乇亘	synonyms-json
丨丕噩夭	亘乇夭禺	synonyms-json
丨丕噩夭	丨噩丕亘	synonyms-json
丨丕噩夭	爻鬲乇	synonyms-json
丨丕噩夭	睾胤丕亍	synonyms-json
丨丕乇	亍亘	synonyms-json
丨丕乇	乇噩毓	synonyms-json
丨丕乇	丕乇鬲丿	synonyms-json
丨丕乇	毓丕丿	synonyms-json
丨丕乇	賮丕亍	synonyms-json
丨丕乇	丕賳賯賱亘	synonyms-json
丨丕乇	賳賰氐	synonyms-json
丨丕賲賷丞	亍賳賷丞	synonyms-json
丨丕賲賷丞	睾爻賱賷賳	synonyms-json
丨亘	賵丿	synonyms-json
丨亘爻	丕孬亘鬲	synonyms-json
丨亘爻	丕丨氐乇	synonyms-json
丨亘爻	爻噩賳	synonyms-json
丨亘爻	毓賰賮	synonyms-json
丨亘爻	毓囟賱	synonyms-json
丨亘賰	噩丿丿	synonyms-json
丨亘賰	乇賷毓	synonyms-json
丨亘賰	爻亘賷賱	synonyms-json
丨亘賰	氐乇丕胤	synonyms-json
丨亘賰	胤乇賷賯	synonyms-json
丨亘賰	賮噩	synonyms-json
丨亘賰	賳噩丿	synonyms-json
丨亘賱	爻亘亘	synonyms-json
丨亘賵乇	爻乇賵乇	synonyms-json
丨亘賵乇	賮乇丨	synonyms-json
丨亘賵乇	賲乇丨	synonyms-json
丨孬	丨乇囟	synonyms-json
丨孬	丨囟	synonyms-json
丨噩丕亘	亘乇夭禺	synonyms-json
丨噩丕亘	丨丕噩夭	synonyms-json
丨噩丕亘	爻鬲乇	synonyms-json
丨噩丕亘	睾胤丕亍	synonyms-json
丨噩丕噩	噩丿丕賱	synonyms-json
丨噩丕噩	賲乇丕亍	synonyms-json
丨噩丞	亘乇賴丕賳	synonyms-json
丨噩丞	亘賷丕賳	synonyms-json
丨噩丞	丿賱賷賱	synonyms-json
丨噩丞	爻賱胤丕賳	synonyms-json
丨噩乇	氐賮賵丕賳	synonyms-json
丨丿亘	噩丕賳亘	synonyms-json
丨乇丕賲	爻丨鬲	synonyms-json
丨乇噩	丨氐乇	synonyms-json
丨乇噩	囟丕賯	synonyms-json
丨乇丿	賯氐丿	synonyms-json
丨乇氐	乇噩丕亍	synonyms-json
丨乇氐	胤賲毓	synonyms-json
丨乇囟	丨孬	synonyms-json
丨乇囟	丨囟	synonyms-json
丨乇賯	賮鬲賳	synonyms-json
丨乇賯	賱賵丨	synonyms-json
丨乇賰	賳睾囟	synonyms-json
丨夭亘	孬亘丕鬲	synonyms-json
丨夭亘	孬賱丞	synonyms-json
丨夭亘	乇賴胤	synonyms-json
丨夭亘	夭賲乇丞	synonyms-json
丨夭亘	卮乇匕賲丞	synonyms-json
丨夭亘	胤丕亍賮丞	synonyms-json
丨夭亘	毓氐亘丞	synonyms-json
丨夭亘	賮亍丞	synonyms-json
丨夭亘	賮乇賷賯	synonyms-json
丨夭亘	賮賵噩	synonyms-json
丨夭亘	賳賮乇	synonyms-json
丨夭亘	賲賵丕賱賷	synonyms-json
丨夭賳	丕爻賷	synonyms-json
丨夭賳	丕亘鬲丕爻	synonyms-json
丨夭賳	亘孬	synonyms-json
丨夭賳	賰乇亘	synonyms-json
丨爻丕亘	丕噩乇	synonyms-json
丨爻丕亘	孬賵丕亘	synonyms-json
丨爻丕亘	噩夭丕亍	synonyms-json
丨爻丕亘	丿賷賳	synonyms-json
丨爻亘丕賳	亘乇丿	synonyms-json
丨爻丿	亘睾賷	synonyms-json
丨爻乇	賯胤毓	synonyms-json
丨氐亘	丨胤亘	synonyms-json
丨氐乇	丨乇噩	synonyms-json
丨氐乇	囟丕賯	synonyms-json
丨氐賵賳	氐賷丕氐賷	synonyms-json
丨囟	丨孬	synonyms-json
丨囟	丨乇囟	synonyms-json
丨囟乇	丕鬲丕	synonyms-json
丨囟乇	噩丕亍	synonyms-json
丨囟乇	丕賯亘賱	synonyms-json
丨胤亘	丨氐亘	synonyms-json
丨賯	氐丿賯	synonyms-json
丨賯亘	丿賴乇	synonyms-json
丨賰賲	賮鬲丨	synonyms-json
丨賰賲	賮乇賯	synonyms-json
丨賰賲	賮氐賱	synonyms-json
丨賰賲	賯囟丕	synonyms-json
丨賱賮	亍鬲丕	synonyms-json
丨賱賮	丕亍鬲賱丕	synonyms-json
丨賱賮	丕賯爻賲	synonyms-json
丨賱賮	賷賲賷賳	synonyms-json
丨賱賲	爻賰賷賳丞	synonyms-json
丨賱賲	賵賯丕乇	synonyms-json
丨賱賷賲	爻賷丿	synonyms-json
丨賱賷賲	氐丕亘乇	synonyms-json
丨賲丕	爻噩賷賱	synonyms-json
丨賲丕	氐賱氐丕賱	synonyms-json
丨賲丕	胤賷賳	synonyms-json
丨賲丕乇	亘毓賷乇	synonyms-json
丨賲丿	卮賰乇	synonyms-json
丨賲賷賲	禺丿賳	synonyms-json
丨賲賷賲	禺賱賷賱	synonyms-json
丨賲賷賲	氐丕丨亘	synonyms-json
丨賲賷賲	氐丿賷賯	synonyms-json
丨賲賷賲	賯乇賷賳	synonyms-json
丨賲賷賲	賵賱賷	synonyms-json
丨賳孬	丕孬賲	synonyms-json
丨賳孬	噩乇賲	synonyms-json
丨賳孬	丨賵亘	synonyms-json
丨賳孬	匕賳亘	synonyms-json
丨賳孬	禺胤賷亍丞	synonyms-json
丨賳孬	賲毓氐賷丞	synonyms-json
丨賳孬	毓賳鬲	synonyms-json
丨賳孬	賵夭乇	synonyms-json
丨賳匕	卮賵丕	synonyms-json
丨賵亘	丕孬賲	synonyms-json
丨賵亘	噩乇賲	synonyms-json
丨賵亘	丨賳孬	synonyms-json
丨賵亘	匕賳亘	synonyms-json
丨賵亘	禺胤賷亍丞	synonyms-json
丨賵亘	賲毓氐賷丞	synonyms-json
丨賵亘	毓賳鬲	synonyms-json
丨賵亘	賵夭乇	synonyms-json
丨賵賱	丨噩丞	synonyms-json
丨賵賱	爻賳丞	synonyms-json
丨賵賱	毓丕賲	synonyms-json
丨賷丕丞	毓賷卮	synonyms-json
丨賷賱丞	賲賰乇	synonyms-json
禺丕亘	亘賱爻	synonyms-json
禺丕亘	賯賳胤	synonyms-json
禺丕亘	賷亍爻	synonyms-json
禺丕爻亍	匕賱賷賱	synonyms-json
禺丕爻亍	賲爻鬲賰賷賳	synonyms-json
禺丕爻亍	氐丕睾乇	synonyms-json
禺丕爻亍	賲賴丕賳	synonyms-json
禺丕卮毓丞	賲賯卮毓乇丞	synonyms-json
禺丕賱丿	丿丕亍賲	synonyms-json
禺丕賱丿	爻乇賲丿	synonyms-json
禺丕賱丿	賲爻鬲賲乇	synonyms-json
禺丕賱丿	賵丕氐亘	synonyms-json
禺丕賱賯	亘丿賷毓	synonyms-json
禺丕賱賯	亘丕乇亍	synonyms-json
禺丕賱賯	噩丕毓賱	synonyms-json
禺丕賱賯	匕丕乇亍	synonyms-json
禺丕賱賯	氐丕賳毓	synonyms-json
禺丕賱賯	賮丕胤乇	synonyms-json
禺亘丕賱	乇賴賯	synonyms-json
禺亘丕賱	睾賷	synonyms-json
禺鬲賲	乇賯賲	synonyms-json
禺鬲賲	胤亘毓	synonyms-json
禺丿毓	睾乇	synonyms-json
禺丿毓	賲賰乇	synonyms-json
禺丿賳	丨賲賷賲	synonyms-json
禺丿賳	禺賱賷賱	synonyms-json
禺丿賳	氐丕丨亘	synonyms-json
禺丿賳	氐丿賷賯	synonyms-json
禺丿賳	賯乇賷賳	synonyms-json
禺丿賳	賵賱賷	synonyms-json
禺乇噩	賳爻賱	synonyms-json
禺乇氐	丕賮賰	synonyms-json
禺乇氐	亘賴鬲丕賳	synonyms-json
禺乇氐	丕禺鬲賱丕胤	synonyms-json
禺乇氐	卮胤胤	synonyms-json
禺乇氐	馗丕賴乇	synonyms-json
禺乇氐	丕賱賯賵賱	synonyms-json
禺乇氐	賮丕丨卮丞	synonyms-json
禺乇氐	丕賮鬲乇丕亍	synonyms-json
禺乇氐	賰匕亘	synonyms-json
禺乇胤賵賲	丕賳賮	synonyms-json
禺夭賷	禺爻亍	synonyms-json
禺爻亍	禺夭賷	synonyms-json
禺爻乇	丕賱鬲	synonyms-json
禺爻乇	亘禺爻	synonyms-json
禺爻乇	賳賯氐	synonyms-json
禺爻乇	賴囟賲	synonyms-json
禺爻乇	賵鬲乇	synonyms-json
禺爻乇丕賳	鬲亘丕亘	synonyms-json
禺卮毓	丕禺亘鬲	synonyms-json
禺卮毓	禺囟毓	synonyms-json
禺卮毓	賳夭賱	synonyms-json
禺卮毓	賴亘胤	synonyms-json
禺卮賷丞	禺賵賮	synonyms-json
禺卮賷丞	乇噩丕亍	synonyms-json
禺卮賷丞	乇賴亘丞	synonyms-json
禺卮賷丞	賮夭毓	synonyms-json
禺卮賷丞	賵噩賮	synonyms-json
禺卮賷丞	賵噩賱	synonyms-json
禺氐丕氐丞	毓賷賱丞	synonyms-json
禺氐丕氐丞	賮賯乇	synonyms-json
禺氐丕氐丞	丕賲賱丕賯	synonyms-json
禺囟毓	丕禺亘鬲	synonyms-json
禺囟毓	禺卮毓	synonyms-json
禺囟毓	賳夭賱	synonyms-json
禺囟毓	賴亘胤	synonyms-json
禺胤賷亍丞	丕孬賲	synonyms-json
禺胤賷亍丞	噩乇賲	synonyms-json
禺胤賷亍丞	丨賳孬	synonyms-json
禺胤賷亍丞	丨賵亘	synonyms-json
禺胤賷亍丞	匕賳亘	synonyms-json
禺胤賷亍丞	賲毓氐賷丞	synonyms-json
禺胤賷亍丞	毓賳鬲	synonyms-json
禺胤賷亍丞	賵夭乇	synonyms-json
禺賮鬲	孬賯賱鬲	synonyms-json
禺賱丕賯	匕賳賵亘	synonyms-json
禺賱丕賯	賰賮賱	synonyms-json
禺賱丕賯	賳氐賷亘	synonyms-json
禺賱丕賱	爻丨丕亘	synonyms-json
禺賱丕賱	馗賱丞	synonyms-json
禺賱丕賱	毓丕乇囟	synonyms-json
禺賱丕賱	賲毓氐乇丕鬲	synonyms-json
禺賱丕賱	睾賲丕賲丞	synonyms-json
禺賱丕賱	賲夭賳	synonyms-json
禺賱鬲	賲囟鬲	synonyms-json
禺賱胤	卮賵亘	synonyms-json
禺賱胤	賱亘爻	synonyms-json
禺賱胤	賲乇丨	synonyms-json
禺賱胤	賲夭噩	synonyms-json
禺賱賯	丕賳丕賲	synonyms-json
禺賱賯	亘卮乇	synonyms-json
禺賱賯	亘乇賷丞	synonyms-json
禺賱賯	噩亘賱丞	synonyms-json
禺賱賯	賳丕爻	synonyms-json
禺賱賷賱	丨賲賷賲	synonyms-json
禺賱賷賱	禺丿賳	synonyms-json
禺賱賷賱	氐丕丨亘	synonyms-json
禺賱賷賱	氐丿賷賯	synonyms-json
禺賱賷賱	賯乇賷賳	synonyms-json
禺賱賷賱	賵賱賷	synonyms-json
禺賲丿	丕胤賮丕	synonyms-json
禺賲乇	毓賳亘	synonyms-json
禺賵賮	禺卮賷丞	synonyms-json
禺賵賮	乇噩丕亍	synonyms-json
禺賵賮	乇賴亘丞	synonyms-json
禺賵賮	賮夭毓	synonyms-json
禺賵賮	賵噩賮	synonyms-json
禺賵賮	賵噩賱	synonyms-json
禺賷乇	賲丕賱	synonyms-json
禺賷賱	噩賷丕丿	synonyms-json
禺賷賱	禺賷乇	synonyms-json
禺賷賱	毓丕丿賷丕鬲	synonyms-json
丿丕亍賲	禺丕賱丿	synonyms-json
丿丕亍賲	爻乇賲丿	synonyms-json
丿丕亍賲	賲爻鬲賲乇	synonyms-json
丿丕亍賲	賵丕氐亘	synonyms-json
丿丕賳	賯乇賷亘	synonyms-json
丿丨乇	胤乇丿	synonyms-json
丿禺賱	爻賱賰	synonyms-json
丿乇賷	孬丕賯亘	synonyms-json
丿乇賷	賲囟賷亍	synonyms-json
丿爻丕賴丕	丕賮爻丿賴丕	synonyms-json
丿毓	丿賮毓	synonyms-json
丿毓	乇丿	synonyms-json
丿毓丕亍	爻亍丕賱	synonyms-json
丿毓丕亍	胤賱亘	synonyms-json
丿賮毓	丿毓	synonyms-json
丿賮毓	乇丿	synonyms-json
丿賱賵賰	夭賵丕賱	synonyms-json
丿賱賷賱	亘乇賴丕賳	synonyms-json
丿賱賷賱	亘賷丕賳	synonyms-json
丿賱賷賱	丨噩丞	synonyms-json
丿賱賷賱	爻賱胤丕賳	synonyms-json
丿賴乇	夭賲丕賳	synonyms-json
丿賴乇	毓氐乇	synonyms-json
丿賴乇	賵賯鬲	synonyms-json
丿賴賯	爻噩乇	synonyms-json
丿賴賯	賲賱丕	synonyms-json
丿賷丕乇	亘賷賵鬲	synonyms-json
丿賷丕乇	賲爻丕賰賳	synonyms-json
丿賷丕乇	氐乇丨	synonyms-json
丿賷丕乇	丕賰賳丕賳	synonyms-json
丿賷賳	賯乇囟	synonyms-json
匕丕乇亍	亘丿賷毓	synonyms-json
匕丕乇亍	亘丕乇亍	synonyms-json
匕丕乇亍	噩丕毓賱	synonyms-json
匕丕乇亍	禺丕賱賯	synonyms-json
匕丕乇亍	氐丕賳毓	synonyms-json
匕丕乇亍	賮丕胤乇	synonyms-json
匕乇賷丞	丕賴賱	synonyms-json
匕乇賷丞	亍賱	synonyms-json
匕賱賷賱	禺丕爻亍	synonyms-json
匕賱賷賱	賲爻鬲賰賷賳	synonyms-json
匕賱賷賱	氐丕睾乇	synonyms-json
匕賱賷賱	賲賴丕賳	synonyms-json
匕賳亘	丕孬賲	synonyms-json
匕賳亘	噩乇賲	synonyms-json
匕賳亘	丨賳孬	synonyms-json
匕賳亘	丨賵亘	synonyms-json
匕賳亘	禺胤賷亍丞	synonyms-json
匕賳亘	賲毓氐賷丞	synonyms-json
匕賳亘	毓賳鬲	synonyms-json
匕賳亘	賵夭乇	synonyms-json
匕賳賵亘	禺賱丕賯	synonyms-json
匕賳賵亘	賰賮賱	synonyms-json
匕賳賵亘	賳氐賷亘	synonyms-json
匕賴亘	夭禺乇賮	synonyms-json
匕賴亘賵丕	丕賳賮囟賵丕	synonyms-json
匕賴亘賵丕	賲囟賵丕	synonyms-json
乇亍丕	亍賳爻	synonyms-json
乇亍丕	丕亘氐乇	synonyms-json
乇亍丕	賳馗乇	synonyms-json
乇亍賷丕	丨賱賲	synonyms-json
乇亍賷丞	毓賱賲	synonyms-json
乇丕亘賷丞	亘亍賷爻	synonyms-json
乇丕亘賷丞	卮丿賷丿	synonyms-json
乇丕亘賷丞	毓氐賷亘	synonyms-json
乇丕亘賷丞	賵亘賷賱	synonyms-json
乇丕賮丞	乇丨賲丞	synonyms-json
乇亘	亘毓賱	synonyms-json
乇亘丕	夭丕丿	synonyms-json
乇亘丕	睾賱丕	synonyms-json
乇亘丕賳賷賵賳	毓賱賲丕亍	synonyms-json
乇亘丨	睾賳賷賲丞	synonyms-json
乇亘丨	賮賷亍	synonyms-json
乇亘丨	賰爻亘	synonyms-json
乇亘賷	乇噩賱	synonyms-json
乇亘賷	丕賲乇亍	synonyms-json
乇噩丕亍	禺卮賷丞	synonyms-json
乇噩丕亍	禺賵賮	synonyms-json
乇噩丕亍	乇賴亘丞	synonyms-json
乇噩丕亍	賮夭毓	synonyms-json
乇噩丕亍	賵噩賮	synonyms-json
乇噩丕亍	賵噩賱	synonyms-json
乇噩夭	氐賳賲	synonyms-json
乇噩夭	胤丕睾賵鬲	synonyms-json
乇噩夭	鬲賲孬丕賱	synonyms-json
乇噩夭	賵孬賳	synonyms-json
乇噩毓	乇丿	synonyms-json
乇噩賮丞	夭賱夭賱丞	synonyms-json
乇噩賱	乇亘賷	synonyms-json
乇噩賱	丕賲乇亍	synonyms-json
乇丨賱	爻丕賮乇	synonyms-json
乇丨賱	馗毓賳	synonyms-json
乇丨賲丞	乇丕賮丞	synonyms-json
乇丿	乇噩毓	synonyms-json
乇夭賯	賲胤乇	synonyms-json
乇夭賯	睾賷孬	synonyms-json
乇夭賯	賵丿賯	synonyms-json
乇爻	亘亍乇	synonyms-json
乇爻	噩亘	synonyms-json
乇囟丕	鬲爻賱賷賲	synonyms-json
乇囟丕	鬲賮賵賷囟	synonyms-json
乇毓賷	爻賵賲	synonyms-json
乇賮孬	丕賮囟丕	synonyms-json
乇賮毓	乇賯賷	synonyms-json
乇賮毓	氐毓丿	synonyms-json
乇賮毓	毓乇噩	synonyms-json
乇賮毓	毓賱丕	synonyms-json
乇賯亘丞	噩賷丿	synonyms-json
乇賯亘丞	毓賳賯	synonyms-json
乇賯賲	禺鬲賲	synonyms-json
乇賯賲	胤亘毓	synonyms-json
乇賯賷	乇賮毓	synonyms-json
乇賯賷	氐毓丿	synonyms-json
乇賯賷	毓乇噩	synonyms-json
乇賯賷	毓賱丕	synonyms-json
乇賯賷賲	丕賲丕賲	synonyms-json
乇賯賷賲	賲爻胤賵乇	synonyms-json
乇賯賷賲	爻賮乇	synonyms-json
乇賯賷賲	賯胤	synonyms-json
乇賯賷賲	賰鬲丕亘	synonyms-json
乇賯賷賲	賱賵丨	synonyms-json
乇賰亘丕賳	丕賮亍丿丞	synonyms-json
乇賰賲	噩賲毓	synonyms-json
乇賰賲	爻噩乇	synonyms-json
乇賰賲	丕賯鬲	synonyms-json
乇賰賳	噩賳丨	synonyms-json
乇賰賳	噩賳賮	synonyms-json
乇賰賳	夭丕睾	synonyms-json
乇賰賳	氐睾丕	synonyms-json
乇賰賳	毓丕賱	synonyms-json
乇賰賳	賲丕丿	synonyms-json
乇賰賳	賲丕賱	synonyms-json
乇賴亘丞	禺卮賷丞	synonyms-json
乇賴亘丞	禺賵賮	synonyms-json
乇賴亘丞	乇噩丕亍	synonyms-json
乇賴亘丞	賮夭毓	synonyms-json
乇賴亘丞	賵噩賮	synonyms-json
乇賴亘丞	賵噩賱	synonyms-json
乇賴胤	乇賰賳	synonyms-json
乇賴賯	禺亘丕賱	synonyms-json
乇賴賯	睾賷	synonyms-json
乇賵丨	賳賮爻	synonyms-json
乇賷丕亍	賳賮丕賯	synonyms-json
乇賷毓	噩丿丿	synonyms-json
乇賷毓	丨亘賰	synonyms-json
乇賷毓	爻亘賷賱	synonyms-json
乇賷毓	氐乇丕胤	synonyms-json
乇賷毓	胤乇賷賯	synonyms-json
乇賷毓	賮噩	synonyms-json
乇賷毓	賳噩丿	synonyms-json
夭丕丿	乇亘丕	synonyms-json
夭丕丿	睾賱丕	synonyms-json
夭丕睾	噩賳丨	synonyms-json
夭丕睾	噩賳賮	synonyms-json
夭丕睾	乇賰賳	synonyms-json
夭丕睾	氐睾丕	synonyms-json
夭丕睾	毓丕賱	synonyms-json
夭丕睾	賲丕丿	synonyms-json
夭丕睾	賲丕賱	synonyms-json
夭亘乇	賰鬲亘	synonyms-json
夭亘乇	賳爻禺	synonyms-json
夭禺乇賮	匕賴亘	synonyms-json
夭乇毓	卮噩乇	synonyms-json
夭乇毓	賳亘丕鬲	synonyms-json
夭乇毓	賳噩賲	synonyms-json
夭賱夭賱丞	乇噩賮丞	synonyms-json
夭賲丕賳	丿賴乇	synonyms-json
夭賲丕賳	毓氐乇	synonyms-json
夭賲丕賳	賵賯鬲	synonyms-json
夭賲乇丞	孬亘丕鬲	synonyms-json
夭賲乇丞	孬賱丞	synonyms-json
夭賲乇丞	丨夭亘	synonyms-json
夭賲乇丞	乇賴胤	synonyms-json
夭賲乇丞	卮乇匕賲丞	synonyms-json
夭賲乇丞	胤丕亍賮丞	synonyms-json
夭賲乇丞	毓氐亘丞	synonyms-json
夭賲乇丞	賮亍丞	synonyms-json
夭賲乇丞	賮乇賷賯	synonyms-json
夭賲乇丞	賮賵噩	synonyms-json
夭賲乇丞	賳賮乇	synonyms-json
夭賲乇丞	賲賵丕賱賷	synonyms-json
夭賳丕	爻賮丕丨	synonyms-json
夭賳丕	賲乇囟	synonyms-json
夭賴賯	鬲乇丿丕	synonyms-json
夭賴賯	賲丕鬲	synonyms-json
夭賴賯	賴賱賰	synonyms-json
夭賵丕賱	丿賱賵賰	synonyms-json
夭賵噩	氐丕丨亘丞	synonyms-json
夭賵噩	丕賲乇丕丞	synonyms-json
夭賵乇	鬲賮賳賷丿	synonyms-json
夭賵乇	鬲賰匕賷亘	synonyms-json
夭賷丕丿丞	亘乇賰丞	synonyms-json
夭賷賱	賲丕夭	synonyms-json
夭賷賱	毓夭賱	synonyms-json
夭賷賳	爻賵賱	synonyms-json
爻亍丕賱	丿毓丕亍	synonyms-json
爻亍丕賱	胤賱亘	synonyms-json
爻丕亘賯	賲毓噩夭	synonyms-json
爻丕丨乇	毓丕賱賲	synonyms-json
爻丕丨乇	賰丕賴賳	synonyms-json
爻丕毓丕鬲	亍賳丕亍	synonyms-json
爻丕賮乇	乇丨賱	synonyms-json
爻丕賮乇	馗毓賳	synonyms-json
爻丕賯	卮胤亍	synonyms-json
爻亘亘	丨亘賱	synonyms-json
爻亘丨	賯丿爻	synonyms-json
爻亘賷賱	賲禺乇噩	synonyms-json
爻亘賷賱	賮乇賯丕賳	synonyms-json
爻鬲乇	亘乇夭禺	synonyms-json
爻鬲乇	丨噩丕亘	synonyms-json
爻鬲乇	丨丕噩夭	synonyms-json
爻鬲乇	睾胤丕亍	synonyms-json
爻噩乇	賮噩乇	synonyms-json
爻噩賳	丕孬亘鬲	synonyms-json
爻噩賳	丨亘爻	synonyms-json
爻噩賳	丕丨氐乇	synonyms-json
爻噩賳	毓賰賮	synonyms-json
爻噩賳	毓囟賱	synonyms-json
爻噩賷賱	丨賲丕	synonyms-json
爻噩賷賱	氐賱氐丕賱	synonyms-json
爻噩賷賱	胤賷賳	synonyms-json
爻丨丕亘	禺賱丕賱	synonyms-json
爻丨丕亘	馗賱丞	synonyms-json
爻丨丕亘	毓丕乇囟	synonyms-json
爻丨丕亘	賲毓氐乇丕鬲	synonyms-json
爻丨丕亘	睾賲丕賲丞	synonyms-json
爻丨丕亘	賲夭賳	synonyms-json
爻丨鬲	丨乇丕賲	synonyms-json
爻禺乇賷丞	丕爻鬲賴夭丕亍	synonyms-json
爻禺乇賷丞	鬲賮賳賷丿	synonyms-json
爻乇丕亍	賳毓賲丕亍	synonyms-json
爻乇丕丨	胤賱丕賯	synonyms-json
爻乇丕丨	賮乇丕賯	synonyms-json
爻乇賲丿	禺丕賱丿	synonyms-json
爻乇賲丿	丿丕亍賲	synonyms-json
爻乇賲丿	賲爻鬲賲乇	synonyms-json
爻乇賲丿	賵丕氐亘	synonyms-json
爻乇賵乇	丨亘賵乇	synonyms-json
爻乇賵乇	賮乇丨	synonyms-json
爻乇賵乇	賲乇丨	synonyms-json
爻胤丨	胤丨丕	synonyms-json
爻胤丨	賲丿	synonyms-json
爻毓丞	亘爻胤丞	synonyms-json
爻毓乇	噩賳丞	synonyms-json
爻毓乇	爻賮丕賴丞	synonyms-json
爻毓乇	爻賵亍	synonyms-json
爻賮丕丨	夭賳丕	synonyms-json
爻賮丕丨	賲乇囟	synonyms-json
爻賮丕賴丞	噩賳丞	synonyms-json
爻賮丕賴丞	爻毓乇	synonyms-json
爻賮丕賴丞	爻賵亍	synonyms-json
爻賮丨	爻賰亘	synonyms-json
爻賮丨	氐亘	synonyms-json
爻賮乇	丕賲丕賲	synonyms-json
爻賮乇	乇賯賷賲	synonyms-json
爻賮乇	賲爻胤賵乇	synonyms-json
爻賮乇	賯胤	synonyms-json
爻賮乇	賰鬲丕亘	synonyms-json
爻賮乇	賱賵丨	synonyms-json
爻賮毓	丕禺匕	synonyms-json
爻賮賴	禺爻乇	synonyms-json
爻賮賴	囟賷毓	synonyms-json
爻賮賷賳丞	噩丕乇賷丞	synonyms-json
爻賮賷賳丞	賮賱賰	synonyms-json
爻賮賷賳丞	賲丕禺乇丞	synonyms-json
爻賮賷賴	噩丕賴賱	synonyms-json
爻賯丕賷丞	亍賳賷丞	synonyms-json
爻賯丕賷丞	氐丨丕賮	synonyms-json
爻賯丕賷丞	氐賵丕毓	synonyms-json
爻賰亘	爻賮丨	synonyms-json
爻賰亘	氐亘	synonyms-json
爻賰乇	睾賱賯	synonyms-json
爻賰乇	丕賵氐丿	synonyms-json
爻賰賷賳丞	丨賱賲	synonyms-json
爻賰賷賳丞	賵賯丕乇	synonyms-json
爻賱丕賲	鬲丨賷丞	synonyms-json
爻賱丕賲丞	氐丨丞	synonyms-json
爻賱胤丕賳	賲賱賰	synonyms-json
爻賱賰	丿禺賱	synonyms-json
爻賲丞	亍賷丞	synonyms-json
爻賲丞	毓賱丕賲丞	synonyms-json
爻賳丞	丨噩丞	synonyms-json
爻賳丞	丨賵賱	synonyms-json
爻賳丞	毓丕賲	synonyms-json
爻賳賵賳	丕賲丞	synonyms-json
爻賴賵	賳爻賷丕賳	synonyms-json
爻賴賵	睾賮賱丞	synonyms-json
爻賴賵	睾賲乇丞	synonyms-json
爻賴賵	囟賱丕賱	synonyms-json
爻賵亍	噩賳丞	synonyms-json
爻賵亍	爻毓乇	synonyms-json
爻賵亍	爻賮丕賴丞	synonyms-json
爻賵亍丞	毓賵乇丞	synonyms-json
爻賵乇	噩丿丕乇	synonyms-json
爻賵賱	夭賷賳	synonyms-json
爻賵賲	乇毓賷	synonyms-json
爻賷丕丨丞	氐賷丕賲	synonyms-json
爻賷丕丨丞	氐賵賲	synonyms-json
爻賷丿	丨賱賷賲	synonyms-json
爻賷丿	氐丕亘乇	synonyms-json
卮丕亍	丕亘鬲睾丕	synonyms-json
卮丕亍	丕乇丕丿	synonyms-json
卮丕亍	丕氐丕亘	synonyms-json
卮丕賴丿	賲賴賷賳	synonyms-json
卮噩乇	夭乇毓	synonyms-json
卮噩乇	賳亘丕鬲	synonyms-json
卮噩乇	賳噩賲	synonyms-json
卮丨賷丨	亘禺賷賱	synonyms-json
卮丨賷丨	卮丿賷丿	synonyms-json
卮丨賷丨	囟賳賷賳	synonyms-json
卮丿賷丿	亘禺賷賱	synonyms-json
卮丿賷丿	卮丨賷丨	synonyms-json
卮丿賷丿	囟賳賷賳	synonyms-json
卮乇丿	賳賰賱	synonyms-json
卮乇匕賲丞	孬亘丕鬲	synonyms-json
卮乇匕賲丞	孬賱丞	synonyms-json
卮乇匕賲丞	丨夭亘	synonyms-json
卮乇匕賲丞	乇賴胤	synonyms-json
卮乇匕賲丞	夭賲乇丞	synonyms-json
卮乇匕賲丞	胤丕亍賮丞	synonyms-json
卮乇匕賲丞	毓氐亘丞	synonyms-json
卮乇匕賲丞	賮亍丞	synonyms-json
卮乇匕賲丞	賮乇賷賯	synonyms-json
卮乇匕賲丞	賮賵噩	synonyms-json
卮乇匕賲丞	賳賮乇	synonyms-json
卮乇匕賲丞	賲賵丕賱賷	synonyms-json
卮乇毓丞	賲賳賴丕噩	synonyms-json
卮乇賷毓丞	丿賷賳	synonyms-json
卮乇賷毓丞	賲賱丞	synonyms-json
卮胤亍	爻丕賯	synonyms-json
卮胤乇	鬲賱賯丕亍	synonyms-json
卮胤胤	丕賮賰	synonyms-json
卮胤胤	亘賴鬲丕賳	synonyms-json
卮胤胤	禺乇氐	synonyms-json
卮胤胤	丕禺鬲賱丕胤	synonyms-json
卮胤胤	馗丕賴乇	synonyms-json
卮胤胤	丕賱賯賵賱	synonyms-json
卮胤胤	賮丕丨卮丞	synonyms-json
卮胤胤	丕賮鬲乇丕亍	synonyms-json
卮胤胤	賰匕亘	synonyms-json
卮賯	賮賱賯	synonyms-json
卮賯丕賯	囟賱丕賱	synonyms-json
卮賯丕賯	睾賵丕賷丞	synonyms-json
卮賯丕賯	賮鬲賳丞	synonyms-json
卮賰乇	丨賲丿	synonyms-json
卮賲丕賱	賲卮丕賲丞	synonyms-json
卮賳亍賳	亘睾囟丕亍	synonyms-json
卮賳亍賳	賯賱丕	synonyms-json
卮賳亍賳	賰乇賴	synonyms-json
卮賳亍賳	賲賯鬲	synonyms-json
卮賴丿	賯丕賱	synonyms-json
卮賴賵丞	賴賵丕	synonyms-json
卮賵丕	丨賳匕	synonyms-json
卮賵亘	禺賱胤	synonyms-json
卮賵亘	賱亘爻	synonyms-json
卮賵亘	賲乇丨	synonyms-json
卮賵亘	賲夭噩	synonyms-json
卮賷丕胤賷賳	噩賳	synonyms-json
卮賷胤丕賳	丕亘賱賷爻	synonyms-json
卮賷胤丕賳	噩亘鬲	synonyms-json
氐丕亘乇	丨賱賷賲	synonyms-json
氐丕亘乇	爻賷丿	synonyms-json
氐丕丨亘	丨賲賷賲	synonyms-json
氐丕丨亘	禺丿賳	synonyms-json
氐丕丨亘	禺賱賷賱	synonyms-json
氐丕丨亘	氐丿賷賯	synonyms-json
氐丕丨亘	賯乇賷賳	synonyms-json
氐丕丨亘	賵賱賷	synonyms-json
氐丕丨亘丞	夭賵噩	synonyms-json
氐丕丨亘丞	丕賲乇丕丞	synonyms-json
氐丕乇	馗賱	synonyms-json
氐丕睾乇	禺丕爻亍	synonyms-json
氐丕睾乇	匕賱賷賱	synonyms-json
氐丕睾乇	賲爻鬲賰賷賳	synonyms-json
氐丕睾乇	賲賴丕賳	synonyms-json
氐丕賳毓	亘丿賷毓	synonyms-json
氐丕賳毓	亘丕乇亍	synonyms-json
氐丕賳毓	噩丕毓賱	synonyms-json
氐丕賳毓	禺丕賱賯	synonyms-json
氐丕賳毓	匕丕乇亍	synonyms-json
氐丕賳毓	賮丕胤乇	synonyms-json
氐亘	爻賮丨	synonyms-json
氐亘	爻賰亘	synonyms-json
氐丨丕賮	亍賳賷丞	synonyms-json
氐丨丕賮	爻賯丕賷丞	synonyms-json
氐丨丕賮	氐賵丕毓	synonyms-json
氐丨丞	爻賱丕賲丞	synonyms-json
氐丿	賲賳毓	synonyms-json
氐丿賮	噩亘賱	synonyms-json
氐丿賮	胤賵丿	synonyms-json
氐丿賮	胤賵乇	synonyms-json
氐丿賯	丨賯	synonyms-json
氐丿賯丞	毓胤賷丞	synonyms-json
氐丿賯丞	賳丨賱丞	synonyms-json
氐丿賯丞	賴亘丞	synonyms-json
氐丿賯丞	賴丿賷丞	synonyms-json
氐丿賷賯	丨賲賷賲	synonyms-json
氐丿賷賯	禺丿賳	synonyms-json
氐丿賷賯	禺賱賷賱	synonyms-json
氐丿賷賯	氐丕丨亘	synonyms-json
氐丿賷賯	賯乇賷賳	synonyms-json
氐丿賷賯	賵賱賷	synonyms-json
氐乇丕胤	噩丿丿	synonyms-json
氐乇丕胤	丨亘賰	synonyms-json
氐乇丕胤	乇賷毓	synonyms-json
氐乇丕胤	爻亘賷賱	synonyms-json
氐乇丕胤	胤乇賷賯	synonyms-json
氐乇丕胤	賮噩	synonyms-json
氐乇丕胤	賳噩丿	synonyms-json
氐乇丨	亘賷賵鬲	synonyms-json
氐乇丨	丿賷丕乇	synonyms-json
氐乇丨	賲爻丕賰賳	synonyms-json
氐乇丨	丕賰賳丕賳	synonyms-json
氐乇賴賳	賯胤毓賴賳	synonyms-json
氐毓丿	乇賮毓	synonyms-json
氐毓丿	乇賯賷	synonyms-json
氐毓丿	毓乇噩	synonyms-json
氐毓丿	毓賱丕	synonyms-json
氐睾丕	噩賳丨	synonyms-json
氐睾丕	噩賳賮	synonyms-json
氐睾丕	乇賰賳	synonyms-json
氐睾丕	夭丕睾	synonyms-json
氐睾丕	毓丕賱	synonyms-json
氐睾丕	賲丕丿	synonyms-json
氐睾丕	賲丕賱	synonyms-json
氐賮丨	爻鬲乇	synonyms-json
氐賮丨	毓賮丕	synonyms-json
氐賮丨	睾胤丕	synonyms-json
氐賮丨	賰賮乇	synonyms-json
氐賮丨	賰賳丿	synonyms-json
氐賮丨	賲丨丕	synonyms-json
氐賮賵丕賳	丨噩乇	synonyms-json
氐賱氐丕賱	丨賲丕	synonyms-json
氐賱氐丕賱	爻噩賷賱	synonyms-json
氐賱氐丕賱	胤賷賳	synonyms-json
氐賳毓	賮毓賱	synonyms-json
氐賳毓	毓賲賱	synonyms-json
氐賳賲	乇噩夭	synonyms-json
氐賳賲	胤丕睾賵鬲	synonyms-json
氐賳賲	鬲賲孬丕賱	synonyms-json
氐賳賲	賵孬賳	synonyms-json
氐賴乇	丕賳丕	synonyms-json
氐賴乇	賳囟噩	synonyms-json
氐賵丕毓	亍賳賷丞	synonyms-json
氐賵丕毓	爻賯丕賷丞	synonyms-json
氐賵丕毓	氐丨丕賮	synonyms-json
氐賵賲	爻賷丕丨丞	synonyms-json
氐賵賲	氐賷丕賲	synonyms-json
氐賷丕氐賷	丨氐賵賳	synonyms-json
氐賷丕賲	爻賷丕丨丞	synonyms-json
氐賷丕賲	氐賵賲	synonyms-json
囟丕賯	丨乇噩	synonyms-json
囟丕賯	丨氐乇	synonyms-json
囟乇丕亍	亘丕爻丕亍	synonyms-json
囟毓賮	賵賴賳	synonyms-json
囟賱丕賱	卮賯丕賯	synonyms-json
囟賱丕賱	睾賵丕賷丞	synonyms-json
囟賱丕賱	賮鬲賳丞	synonyms-json
囟賳賷賳	亘禺賷賱	synonyms-json
囟賳賷賳	卮丨賷丨	synonyms-json
囟賳賷賳	卮丿賷丿	synonyms-json
囟賷丕亍	賳賵乇	synonyms-json
囟賷夭	噩賵乇	synonyms-json
囟賷夭	乇賴賯	synonyms-json
囟賷夭	馗賱賲	synonyms-json
囟賷夭	賴囟賲	synonyms-json
囟賷毓	禺爻乇	synonyms-json
囟賷毓	爻賮賴	synonyms-json
胤丕亍乇賴	毓賲賱賴	synonyms-json
胤丕亍賮丞	孬亘丕鬲	synonyms-json
胤丕亍賮丞	孬賱丞	synonyms-json
胤丕亍賮丞	丨夭亘	synonyms-json
胤丕亍賮丞	乇賴胤	synonyms-json
胤丕亍賮丞	夭賲乇丞	synonyms-json
胤丕亍賮丞	卮乇匕賲丞	synonyms-json
胤丕亍賮丞	毓氐亘丞	synonyms-json
胤丕亍賮丞	賮亍丞	synonyms-json
胤丕亍賮丞	賮乇賷賯	synonyms-json
胤丕亍賮丞	賮賵噩	synonyms-json
胤丕亍賮丞	賳賮乇	synonyms-json
胤丕亍賮丞	賲賵丕賱賷	synonyms-json
胤丕睾賵鬲	乇噩夭	synonyms-json
胤丕睾賵鬲	氐賳賲	synonyms-json
胤丕睾賵鬲	鬲賲孬丕賱	synonyms-json
胤丕睾賵鬲	賵孬賳	synonyms-json
胤丕賯丞	丕爻鬲胤丕毓丞	synonyms-json
胤丕賯丞	賯亘賱	synonyms-json
胤丕賯丞	賯賵丞	synonyms-json
胤丕賯丞	賯丿乇丞	synonyms-json
胤丕賯丞	賲乇丞	synonyms-json
胤亘毓	禺鬲賲	synonyms-json
胤亘毓	乇賯賲	synonyms-json
胤丨丕	爻胤丨	synonyms-json
胤丨丕	賲丿	synonyms-json
胤乇丿	丿丨乇	synonyms-json
胤乇賷賯	噩丿丿	synonyms-json
胤乇賷賯	丨亘賰	synonyms-json
胤乇賷賯	乇賷毓	synonyms-json
胤乇賷賯	爻亘賷賱	synonyms-json
胤乇賷賯	氐乇丕胤	synonyms-json
胤乇賷賯	賮噩	synonyms-json
胤乇賷賯	賳噩丿	synonyms-json
胤睾丕	毓鬲丕	synonyms-json
胤賱丕賯	爻乇丕丨	synonyms-json
胤賱丕賯	賮乇丕賯	synonyms-json
胤賱亘	丿毓丕亍	synonyms-json
胤賱亘	爻亍丕賱	synonyms-json
胤賱毓	亘夭睾	synonyms-json
胤賲爻鬲	丕賳賰丿乇鬲	synonyms-json
胤賲毓	丨乇氐	synonyms-json
胤賲毓	乇噩丕亍	synonyms-json
胤賵亘丕	噩賳丞	synonyms-json
胤賵丿	噩亘賱	synonyms-json
胤賵丿	氐丿賮	synonyms-json
胤賵丿	胤賵乇	synonyms-json
胤賵乇	噩亘賱	synonyms-json
胤賵乇	氐丿賮	synonyms-json
胤賵乇	胤賵丿	synonyms-json
胤賵賱	賮囟賱	synonyms-json
胤賷賳	丨賲丕	synonyms-json
胤賷賳	爻噩賷賱	synonyms-json
胤賷賳	氐賱氐丕賱	synonyms-json
馗丕賴乇	丕賮賰	synonyms-json
馗丕賴乇	亘賴鬲丕賳	synonyms-json
馗丕賴乇	禺乇氐	synonyms-json
馗丕賴乇	丕禺鬲賱丕胤	synonyms-json
馗丕賴乇	卮胤胤	synonyms-json
馗丕賴乇	丕賱賯賵賱	synonyms-json
馗丕賴乇	賮丕丨卮丞	synonyms-json
馗丕賴乇	丕賮鬲乇丕亍	synonyms-json
馗丕賴乇	賰匕亘	synonyms-json
馗毓賳	爻丕賮乇	synonyms-json
馗毓賳	乇丨賱	synonyms-json
馗賱	氐丕乇	synonyms-json
馗賱丞	禺賱丕賱	synonyms-json
馗賱丞	爻丨丕亘	synonyms-json
馗賱丞	毓丕乇囟	synonyms-json
馗賱丞	賲毓氐乇丕鬲	synonyms-json
馗賱丞	睾賲丕賲丞	synonyms-json
馗賱丞	賲夭賳	synonyms-json
馗賱賲	噩賵乇	synonyms-json
馗賱賲	乇賴賯	synonyms-json
馗賱賲	囟賷夭	synonyms-json
馗賱賲	賴囟賲	synonyms-json
毓丕亍賱	亘丕亍爻	synonyms-json
毓丕亍賱	賲爻賰賷賳	synonyms-json
毓丕亍賱	賲毓鬲乇	synonyms-json
毓丕亍賱	賮賯賷乇	synonyms-json
毓丕亍賱	賯丕賳毓	synonyms-json
毓丕亍賱	賲賲賱賯	synonyms-json
毓丕丿	亍亘	synonyms-json
毓丕丿	丨丕乇	synonyms-json
毓丕丿	乇噩毓	synonyms-json
毓丕丿	丕乇鬲丿	synonyms-json
毓丕丿	賮丕亍	synonyms-json
毓丕丿	丕賳賯賱亘	synonyms-json
毓丕丿	賳賰氐	synonyms-json
毓丕丿賷丕鬲	噩賷丕丿	synonyms-json
毓丕丿賷丕鬲	禺賷乇	synonyms-json
毓丕丿賷丕鬲	禺賷賱	synonyms-json
毓丕乇囟	禺賱丕賱	synonyms-json
毓丕乇囟	爻丨丕亘	synonyms-json
毓丕乇囟	馗賱丞	synonyms-json
毓丕乇囟	賲毓氐乇丕鬲	synonyms-json
毓丕乇囟	睾賲丕賲丞	synonyms-json
毓丕乇囟	賲夭賳	synonyms-json
毓丕賯乇	毓賯賷賲	synonyms-json
毓丕賱	噩賳丨	synonyms-json
毓丕賱	噩賳賮	synonyms-json
毓丕賱	乇賰賳	synonyms-json
毓丕賱	夭丕睾	synonyms-json
毓丕賱	氐睾丕	synonyms-json
毓丕賱	賲丕丿	synonyms-json
毓丕賱	賲丕賱	synonyms-json
毓丕賱賲	爻丕丨乇	synonyms-json
毓丕賱賲	賰丕賴賳	synonyms-json
毓丕賲	丨噩丞	synonyms-json
毓丕賲	丨賵賱	synonyms-json
毓丕賲	爻賳丞	synonyms-json
毓亘丿	亘禺毓	synonyms-json
毓亘丿	賯鬲賱	synonyms-json
毓鬲丕	胤睾丕	synonyms-json
毓孬乇	丕胤賱毓	synonyms-json
毓噩亘	丕賲乇	synonyms-json
毓丿賱	賯爻胤	synonyms-json
毓丿賱	賵爻胤	synonyms-json
毓匕丕亘	乇噩夭	synonyms-json
毓匕丕亘	毓賯丕亘	synonyms-json
毓乇噩	乇賮毓	synonyms-json
毓乇噩	乇賯賷	synonyms-json
毓乇噩	氐毓丿	synonyms-json
毓乇噩	毓賱丕	synonyms-json
毓乇囟	賲鬲丕毓	synonyms-json
毓乇賮	毓賱賲	synonyms-json
毓乇賮	賮賴賲	synonyms-json
毓夭亘	丕賮賱	synonyms-json
毓夭亘	睾丕亘	synonyms-json
毓夭賱	夭賷賱	synonyms-json
毓夭賱	賲丕夭	synonyms-json
毓夭賲	賴賲	synonyms-json
毓爻毓爻	丕丿亘乇	synonyms-json
毓氐丕	賲賳爻丕丞	synonyms-json
毓氐亘丞	孬亘丕鬲	synonyms-json
毓氐亘丞	孬賱丞	synonyms-json
毓氐亘丞	丨夭亘	synonyms-json
毓氐亘丞	乇賴胤	synonyms-json
毓氐亘丞	夭賲乇丞	synonyms-json
毓氐亘丞	卮乇匕賲丞	synonyms-json
毓氐亘丞	胤丕亍賮丞	synonyms-json
毓氐亘丞	賮亍丞	synonyms-json
毓氐亘丞	賮乇賷賯	synonyms-json
毓氐亘丞	賮賵噩	synonyms-json
毓氐亘丞	賳賮乇	synonyms-json
毓氐亘丞	賲賵丕賱賷	synonyms-json
毓氐乇	丿賴乇	synonyms-json
毓氐乇	夭賲丕賳	synonyms-json
毓氐乇	賵賯鬲	synonyms-json
毓氐賷亘	亘亍賷爻	synonyms-json
毓氐賷亘	乇丕亘賷丞	synonyms-json
毓氐賷亘	卮丿賷丿	synonyms-json
毓氐賷亘	賵亘賷賱	synonyms-json
毓囟賱	丕孬亘鬲	synonyms-json
毓囟賱	丨亘爻	synonyms-json
毓囟賱	丕丨氐乇	synonyms-json
毓囟賱	爻噩賳	synonyms-json
毓囟賱	毓賰賮	synonyms-json
毓胤賷丞	氐丿賯丞	synonyms-json
毓胤賷丞	賳丨賱丞	synonyms-json
毓胤賷丞	賴亘丞	synonyms-json
毓胤賷丞	賴丿賷丞	synonyms-json
毓賮丕	爻鬲乇	synonyms-json
毓賮丕	氐賮丨	synonyms-json
毓賮丕	睾胤丕	synonyms-json
毓賮丕	賰賮乇	synonyms-json
毓賮丕	賰賳丿	synonyms-json
毓賮丕	賲丨丕	synonyms-json
毓賯丕亘	乇噩夭	synonyms-json
毓賯丕亘	毓匕丕亘	synonyms-json
毓賯丿	丕氐乇	synonyms-json
毓賯丿	亘賷毓丞	synonyms-json
毓賯丿	毓賴丿	synonyms-json
毓賯丿	賲賷孬丕賯	synonyms-json
毓賯賱	丨噩乇	synonyms-json
毓賯賱	丨賱賲	synonyms-json
毓賯賱	賮亍丕丿	synonyms-json
毓賯賱	賯賱亘	synonyms-json
毓賯賱	賱亘	synonyms-json
毓賯賱	賳賴丕	synonyms-json
毓賯賷賲	毓丕賯乇	synonyms-json
毓賰賮	丕孬亘鬲	synonyms-json
毓賰賮	丨亘爻	synonyms-json
毓賰賮	丕丨氐乇	synonyms-json
毓賰賮	爻噩賳	synonyms-json
毓賰賮	毓囟賱	synonyms-json
毓賱丕	乇賮毓	synonyms-json
毓賱丕	乇賯賷	synonyms-json
毓賱丕	氐毓丿	synonyms-json
毓賱丕	毓乇噩	synonyms-json
毓賱丕賲丞	亍賷丞	synonyms-json
毓賱丕賲丞	爻賲丞	synonyms-json
毓賱賲	毓乇賮	synonyms-json
毓賱賲	賮賴賲	synonyms-json
毓賱賲丕亍	乇亘丕賳賷賵賳	synonyms-json
毓賲乇	丕噩賱	synonyms-json
毓賲乇	丕賲丿	synonyms-json
毓賲賱	氐賳毓	synonyms-json
毓賲賱	賮毓賱	synonyms-json
毓賲賱賴	胤丕亍乇賴	synonyms-json
毓賳亘	禺賲乇	synonyms-json
毓賳鬲	丕孬賲	synonyms-json
毓賳鬲	噩乇賲	synonyms-json
毓賳鬲	丨賳孬	synonyms-json
毓賳鬲	丨賵亘	synonyms-json
毓賳鬲	匕賳亘	synonyms-json
毓賳鬲	禺胤賷亍丞	synonyms-json
毓賳鬲	賲毓氐賷丞	synonyms-json
毓賳鬲	賵夭乇	synonyms-json
毓賳賯	噩賷丿	synonyms-json
毓賳賯	乇賯亘丞	synonyms-json
毓賴丿	丕氐乇	synonyms-json
毓賴丿	亘賷毓丞	synonyms-json
毓賴丿	毓賯丿	synonyms-json
毓賴丿	賲賷孬丕賯	synonyms-json
毓賵乇丞	爻賵亍丞	synonyms-json
毓賷乇	丕亘賱	synonyms-json
毓賷卮	丨賷丕丞	synonyms-json
毓賷賱丞	禺氐丕氐丞	synonyms-json
毓賷賱丞	賮賯乇	synonyms-json
毓賷賱丞	丕賲賱丕賯	synonyms-json
毓賷賳	賷賳亘賵毓	synonyms-json
睾丕亘	丕賮賱	synonyms-json
睾丕亘	毓夭亘	synonyms-json
睾丕乇	睾丕氐	synonyms-json
睾丕乇	賳賯氐	synonyms-json
睾丕乇	賴囟賲	synonyms-json
睾丕氐	睾丕乇	synonyms-json
睾丕氐	賳賯氐	synonyms-json
睾丕氐	賴囟賲	synonyms-json
睾亘乇丞	賯鬲乇丞	synonyms-json
睾丿賯	噩賲	synonyms-json
睾丿賯	賰孬賷乇	synonyms-json
睾丿賯	賱亘丿	synonyms-json
睾乇	禺丿毓	synonyms-json
睾乇	賲賰乇	synonyms-json
睾乇丕賲	丕亘鬲賱丕亍	synonyms-json
睾乇丕賲	丕禺鬲亘丕乇	synonyms-json
睾乇丕賲	鬲賲丨賷氐	synonyms-json
睾爻賱賷賳	亍賳賷丞	synonyms-json
睾爻賱賷賳	丨丕賲賷丞	synonyms-json
睾囟亘	丕爻賮	synonyms-json
睾胤丕	爻鬲乇	synonyms-json
睾胤丕	氐賮丨	synonyms-json
睾胤丕	毓賮丕	synonyms-json
睾胤丕	賰賮乇	synonyms-json
睾胤丕	賰賳丿	synonyms-json
睾胤丕	賲丨丕	synonyms-json
睾胤丕亍	亘乇夭禺	synonyms-json
睾胤丕亍	丨噩丕亘	synonyms-json
睾胤丕亍	丨丕噩夭	synonyms-json
睾胤丕亍	爻鬲乇	synonyms-json
睾賮賱丞	爻賴賵	synonyms-json
睾賮賱丞	賳爻賷丕賳	synonyms-json
睾賮賱丞	睾賲乇丞	synonyms-json
睾賮賱丞	囟賱丕賱	synonyms-json
睾賱丕	乇亘丕	synonyms-json
睾賱丕	夭丕丿	synonyms-json
睾賱賯	爻賰乇	synonyms-json
睾賱賯	丕賵氐丿	synonyms-json
睾賱賲丕賳	賮鬲賷丕賳	synonyms-json
睾賱賲丕賳	賵賱丿丕賳	synonyms-json
睾賲	賴賲	synonyms-json
睾賲丕賲丞	禺賱丕賱	synonyms-json
睾賲丕賲丞	爻丨丕亘	synonyms-json
睾賲丕賲丞	馗賱丞	synonyms-json
睾賲丕賲丞	毓丕乇囟	synonyms-json
睾賲丕賲丞	賲毓氐乇丕鬲	synonyms-json
睾賲丕賲丞	賲夭賳	synonyms-json
睾賲乇丞	爻賴賵	synonyms-json
睾賲乇丞	賳爻賷丕賳	synonyms-json
睾賲乇丞	睾賮賱丞	synonyms-json
睾賲乇丞	囟賱丕賱	synonyms-json
睾賲夭	賱賲夭	synonyms-json
睾賲夭	賴賲夭	synonyms-json
睾賳賷賲丞	乇亘丨	synonyms-json
睾賳賷賲丞	賮賷亍	synonyms-json
睾賳賷賲丞	賰爻亘	synonyms-json
睾賵丕賷丞	卮賯丕賯	synonyms-json
睾賵丕賷丞	囟賱丕賱	synonyms-json
睾賵丕賷丞	賮鬲賳丞	synonyms-json
睾賷	禺亘丕賱	synonyms-json
睾賷	乇賴賯	synonyms-json
睾賷孬	乇夭賯	synonyms-json
睾賷孬	賲胤乇	synonyms-json
睾賷孬	賵丿賯	synonyms-json
睾賷馗	睾囟亘	synonyms-json
賮亍丕丿	丨噩乇	synonyms-json
賮亍丕丿	丨賱賲	synonyms-json
賮亍丕丿	毓賯賱	synonyms-json
賮亍丕丿	賯賱亘	synonyms-json
賮亍丕丿	賱亘	synonyms-json
賮亍丕丿	賳賴丕	synonyms-json
賮亍丞	孬亘丕鬲	synonyms-json
賮亍丞	孬賱丞	synonyms-json
賮亍丞	丨夭亘	synonyms-json
賮亍丞	乇賴胤	synonyms-json
賮亍丞	夭賲乇丞	synonyms-json
賮亍丞	卮乇匕賲丞	synonyms-json
賮亍丞	胤丕亍賮丞	synonyms-json
賮亍丞	毓氐亘丞	synonyms-json
賮亍丞	賮乇賷賯	synonyms-json
賮亍丞	賮賵噩	synonyms-json
賮亍丞	賳賮乇	synonyms-json
賮亍丞	賲賵丕賱賷	synonyms-json
賮丕亍	亍亘	synonyms-json
賮丕亍	丨丕乇	synonyms-json
賮丕亍	乇噩毓	synonyms-json
賮丕亍	丕乇鬲丿	synonyms-json
賮丕亍	毓丕丿	synonyms-json
賮丕亍	丕賳賯賱亘	synonyms-json
賮丕亍	賳賰氐	synonyms-json
賮丕丨卮丞	丕賮賰	synonyms-json
賮丕丨卮丞	亘賴鬲丕賳	synonyms-json
賮丕丨卮丞	禺乇氐	synonyms-json
賮丕丨卮丞	丕禺鬲賱丕胤	synonyms-json
賮丕丨卮丞	卮胤胤	synonyms-json
賮丕丨卮丞	馗丕賴乇	synonyms-json
賮丕丨卮丞	丕賱賯賵賱	synonyms-json
賮丕丨卮丞	丕賮鬲乇丕亍	synonyms-json
賮丕丨卮丞	賰匕亘	synonyms-json
賮丕爻丿	亘丕胤賱	synonyms-json
賮丕胤乇	亘丿賷毓	synonyms-json
賮丕胤乇	亘丕乇亍	synonyms-json
賮丕胤乇	噩丕毓賱	synonyms-json
賮丕胤乇	禺丕賱賯	synonyms-json
賮丕胤乇	匕丕乇亍	synonyms-json
賮丕胤乇	氐丕賳毓	synonyms-json
賮鬲丨	丨賰賲	synonyms-json
賮鬲丨	賮乇賯	synonyms-json
賮鬲丨	賮氐賱	synonyms-json
賮鬲丨	賯囟丕	synonyms-json
賮鬲賳	丨乇賯	synonyms-json
賮鬲賳	賱賵丨	synonyms-json
賮鬲賳丞	卮賯丕賯	synonyms-json
賮鬲賳丞	囟賱丕賱	synonyms-json
賮鬲賳丞	睾賵丕賷丞	synonyms-json
賮鬲賷丕賳	睾賱賲丕賳	synonyms-json
賮鬲賷丕賳	賵賱丿丕賳	synonyms-json
賮噩	噩丿丿	synonyms-json
賮噩	丨亘賰	synonyms-json
賮噩	乇賷毓	synonyms-json
賮噩	爻亘賷賱	synonyms-json
賮噩	氐乇丕胤	synonyms-json
賮噩	胤乇賷賯	synonyms-json
賮噩	賳噩丿	synonyms-json
賮噩乇	爻噩乇	synonyms-json
賮乇	丕亘賯	synonyms-json
賮乇	賳丕氐	synonyms-json
賮乇	賴乇亘	synonyms-json
賮乇丕卮	賲賴丕丿	synonyms-json
賮乇丕賯	爻乇丕丨	synonyms-json
賮乇丕賯	胤賱丕賯	synonyms-json
賮乇噩鬲	丕賳卮賯鬲	synonyms-json
賮乇噩鬲	丕賳賮胤乇鬲	synonyms-json
賮乇噩鬲	賰卮胤鬲	synonyms-json
賮乇噩鬲	賲丕乇鬲	synonyms-json
賮乇丨	丨亘賵乇	synonyms-json
賮乇丨	爻乇賵乇	synonyms-json
賮乇丨	賲乇丨	synonyms-json
賮乇丿賵爻	噩賳丞	synonyms-json
賮乇丿賵爻	賳毓賷賲	synonyms-json
賮乇囟	賰鬲亘	synonyms-json
賮乇囟	賳丨賱	synonyms-json
賮乇賯	丨賰賲	synonyms-json
賮乇賯	賮鬲丨	synonyms-json
賮乇賯	賮氐賱	synonyms-json
賮乇賯	賯囟丕	synonyms-json
賮乇賯丕賳	賲禺乇噩	synonyms-json
賮乇賯丕賳	爻亘賷賱	synonyms-json
賮乇賷賯	孬亘丕鬲	synonyms-json
賮乇賷賯	孬賱丞	synonyms-json
賮乇賷賯	丨夭亘	synonyms-json
賮乇賷賯	乇賴胤	synonyms-json
賮乇賷賯	夭賲乇丞	synonyms-json
賮乇賷賯	卮乇匕賲丞	synonyms-json
賮乇賷賯	胤丕亍賮丞	synonyms-json
賮乇賷賯	毓氐亘丞	synonyms-json
賮乇賷賯	賮亍丞	synonyms-json
賮乇賷賯	賮賵噩	synonyms-json
賮乇賷賯	賳賮乇	synonyms-json
賮乇賷賯	賲賵丕賱賷	synonyms-json
賮夭毓	禺卮賷丞	synonyms-json
賮夭毓	禺賵賮	synonyms-json
賮夭毓	乇噩丕亍	synonyms-json
賮夭毓	乇賴亘丞	synonyms-json
賮夭毓	賵噩賮	synonyms-json
賮夭毓	賵噩賱	synonyms-json
賮爻乇	丕賵賱	synonyms-json
賮氐賱	丨賰賲	synonyms-json
賮氐賱	賮鬲丨	synonyms-json
賮氐賱	賮乇賯	synonyms-json
賮氐賱	賯囟丕	synonyms-json
賮囟賱	胤賵賱	synonyms-json
賮毓賱	氐賳毓	synonyms-json
賮毓賱	毓賲賱	synonyms-json
賮賯乇	禺氐丕氐丞	synonyms-json
賮賯乇	毓賷賱丞	synonyms-json
賮賯乇	丕賲賱丕賯	synonyms-json
賮賯賷乇	亘丕亍爻	synonyms-json
賮賯賷乇	賲爻賰賷賳	synonyms-json
賮賯賷乇	賲毓鬲乇	synonyms-json
賮賯賷乇	毓丕亍賱	synonyms-json
賮賯賷乇	賯丕賳毓	synonyms-json
賮賯賷乇	賲賲賱賯	synonyms-json
賮賱賯	卮賯	synonyms-json
賮賱賰	噩丕乇賷丞	synonyms-json
賮賱賰	爻賮賷賳丞	synonyms-json
賮賱賰	賲丕禺乇丞	synonyms-json
賮賴賲	毓乇賮	synonyms-json
賮賴賲	毓賱賲	synonyms-json
賮賵噩	孬亘丕鬲	synonyms-json
賮賵噩	孬賱丞	synonyms-json
賮賵噩	丨夭亘	synonyms-json
賮賵噩	乇賴胤	synonyms-json
賮賵噩	夭賲乇丞	synonyms-json
賮賵噩	卮乇匕賲丞	synonyms-json
賮賵噩	胤丕亍賮丞	synonyms-json
賮賵噩	毓氐亘丞	synonyms-json
賮賵噩	賮亍丞	synonyms-json
賮賵噩	賮乇賷賯	synonyms-json
賮賵噩	賳賮乇	synonyms-json
賮賵噩	賲賵丕賱賷	synonyms-json
賮賵乇賴賲	賵噩賴賴賲	synonyms-json
賮賷亍	乇亘丨	synonyms-json
賮賷亍	睾賳賷賲丞	synonyms-json
賮賷亍	賰爻亘	synonyms-json
賯丕鬲賱賴賲	丕賱亘賴賱	synonyms-json
賯丕鬲賱賴賲	丕賱乇噩賲	synonyms-json
賯丕鬲賱賴賲	丕賱胤乇丿	synonyms-json
賯丕鬲賱賴賲	丕賱賰亘鬲	synonyms-json
賯丕鬲賱賴賲	丕賱賱毓賳	synonyms-json
賯丕氐	亘毓賷丿	synonyms-json
賯丕氐	賳丕亍	synonyms-json
賯丕賱	卮賴丿	synonyms-json
賯丕賳毓	亘丕亍爻	synonyms-json
賯丕賳毓	賲爻賰賷賳	synonyms-json
賯丕賳毓	賲毓鬲乇	synonyms-json
賯丕賳毓	毓丕亍賱	synonyms-json
賯丕賳毓	賮賯賷乇	synonyms-json
賯丕賳毓	賲賲賱賯	synonyms-json
賯亘丕亍賱	丕爻亘丕胤	synonyms-json
賯亘乇	噩丿孬	synonyms-json
賯亘賱	丕爻鬲胤丕毓丞	synonyms-json
賯亘賱	胤丕賯丞	synonyms-json
賯亘賱	賯賵丞	synonyms-json
賯亘賱	賯丿乇丞	synonyms-json
賯亘賱	賲乇丞	synonyms-json
賯鬲乇丞	睾亘乇丞	synonyms-json
賯鬲賱	亘禺毓	synonyms-json
賯鬲賱	毓亘丿	synonyms-json
賯丿乇丞	丕爻鬲胤丕毓丞	synonyms-json
賯丿乇丞	胤丕賯丞	synonyms-json
賯丿乇丞	賯亘賱	synonyms-json
賯丿乇丞	賯賵丞	synonyms-json
賯丿乇丞	賲乇丞	synonyms-json
賯丿爻	爻亘丨	synonyms-json
賯乇丕	爻賮乇	synonyms-json
賯乇丕亘丞	丕賱	synonyms-json
賯乇囟	丿賷賳	synonyms-json
賯乇賷亘	丿丕賳	synonyms-json
賯乇賷賳	丨賲賷賲	synonyms-json
賯乇賷賳	禺丿賳	synonyms-json
賯乇賷賳	禺賱賷賱	synonyms-json
賯乇賷賳	氐丕丨亘	synonyms-json
賯乇賷賳	氐丿賷賯	synonyms-json
賯乇賷賳	賵賱賷	synonyms-json
賯爻胤	毓丿賱	synonyms-json
賯爻胤	賵爻胤	synonyms-json
賯爻胤丕爻	賲賷夭丕賳	synonyms-json
賯氐	鬲亘毓	synonyms-json
賯氐	丕鬲亘毓	synonyms-json
賯氐	賯賮丕	synonyms-json
賯氐	賱丨賯	synonyms-json
賯氐丿	丨乇丿	synonyms-json
賯囟丕	丨賰賲	synonyms-json
賯囟丕	賮鬲丨	synonyms-json
賯囟丕	賮乇賯	synonyms-json
賯囟丕	賮氐賱	synonyms-json
賯胤	丕賲丕賲	synonyms-json
賯胤	乇賯賷賲	synonyms-json
賯胤	賲爻胤賵乇	synonyms-json
賯胤	爻賮乇	synonyms-json
賯胤	賰鬲丕亘	synonyms-json
賯胤	賱賵丨	synonyms-json
賯胤乇	賳丨丕爻	synonyms-json
賯胤毓	丨爻乇	synonyms-json
賯胤毓賴賳	氐乇賴賳	synonyms-json
賯賮丕	鬲亘毓	synonyms-json
賯賮丕	丕鬲亘毓	synonyms-json
賯賮丕	賯氐	synonyms-json
賯賮丕	賱丨賯	synonyms-json
賯賱丕	亘睾囟丕亍	synonyms-json
賯賱丕	卮賳亍賳	synonyms-json
賯賱丕	賰乇賴	synonyms-json
賯賱丕	賲賯鬲	synonyms-json
賯賱亘	丨噩乇	synonyms-json
賯賱亘	丨賱賲	synonyms-json
賯賱亘	毓賯賱	synonyms-json
賯賱亘	賮亍丕丿	synonyms-json
賯賱亘	賱亘	synonyms-json
賯賱亘	賳賴丕	synonyms-json
賯賱賷賱丞	賲夭噩丕丞	synonyms-json
賯賱賷賱丞	賷爻賷乇丞	synonyms-json
賯賳胤	亘賱爻	synonyms-json
賯賳胤	禺丕亘	synonyms-json
賯賳胤	賷亍爻	synonyms-json
賯賵丕	丕賷丿	synonyms-json
賯賵丞	丕爻鬲胤丕毓丞	synonyms-json
賯賵丞	胤丕賯丞	synonyms-json
賯賵丞	賯亘賱	synonyms-json
賯賵丞	賯丿乇丞	synonyms-json
賯賵丞	賲乇丞	synonyms-json
賯賵賱	賰賱丕賲	synonyms-json
賯賵賱	賳胤賯	synonyms-json
賯賷賲丞	孬賲賳	synonyms-json
賰丕丿	丕乇丕丿	synonyms-json
賰丕爻	賰賵亘	synonyms-json
賰丕賴賳	爻丕丨乇	synonyms-json
賰丕賴賳	毓丕賱賲	synonyms-json
賰鬲丕亘	丕賲丕賲	synonyms-json
賰鬲丕亘	乇賯賷賲	synonyms-json
賰鬲丕亘	賲爻胤賵乇	synonyms-json
賰鬲丕亘	爻賮乇	synonyms-json
賰鬲丕亘	賯胤	synonyms-json
賰鬲丕亘	賱賵丨	synonyms-json
賰鬲亘	夭亘乇	synonyms-json
賰鬲亘	賳爻禺	synonyms-json
賰鬲賲	丕禺賮丕	synonyms-json
賰鬲賲	丕爻乇	synonyms-json
賰鬲賲	丕賰賳	synonyms-json
賰孬賷乇	噩賲	synonyms-json
賰孬賷乇	睾丿賯	synonyms-json
賰孬賷乇	賱亘丿	synonyms-json
賰匕亘	丕賮賰	synonyms-json
賰匕亘	亘賴鬲丕賳	synonyms-json
賰匕亘	禺乇氐	synonyms-json
賰匕亘	丕禺鬲賱丕胤	synonyms-json
賰匕亘	卮胤胤	synonyms-json
賰匕亘	馗丕賴乇	synonyms-json
賰匕亘	丕賱賯賵賱	synonyms-json
賰匕亘	賮丕丨卮丞	synonyms-json
賰匕亘	丕賮鬲乇丕亍	synonyms-json
賰乇亘	丕爻賷	synonyms-json
賰乇亘	丕亘鬲丕爻	synonyms-json
賰乇亘	亘孬	synonyms-json
賰乇亘	丨夭賳	synonyms-json
賰乇賴	亘睾囟丕亍	synonyms-json
賰乇賴	卮賳亍賳	synonyms-json
賰乇賴	賯賱丕	synonyms-json
賰乇賴	賲賯鬲	synonyms-json
賰爻亘	乇亘丨	synonyms-json
賰爻亘	睾賳賷賲丞	synonyms-json
賰爻亘	賮賷亍	synonyms-json
賰卮胤鬲	丕賳卮賯鬲	synonyms-json
賰卮胤鬲	賮乇噩鬲	synonyms-json
賰卮胤鬲	丕賳賮胤乇鬲	synonyms-json
賰卮胤鬲	賲丕乇鬲	synonyms-json
賰賮	丕賲爻賰	synonyms-json
賰賮乇	爻鬲乇	synonyms-json
賰賮乇	氐賮丨	synonyms-json
賰賮乇	毓賮丕	synonyms-json
賰賮乇	睾胤丕	synonyms-json
賰賮乇	賰賳丿	synonyms-json
賰賮乇	賲丨丕	synonyms-json
賰賮賱	囟毓賮	synonyms-json
賰賱丕賲	賯賵賱	synonyms-json
賰賱丕賲	賳胤賯	synonyms-json
賰賲賱	鬲賲	synonyms-json
賰賳丿	爻鬲乇	synonyms-json
賰賳丿	氐賮丨	synonyms-json
賰賳丿	毓賮丕	synonyms-json
賰賳丿	睾胤丕	synonyms-json
賰賳丿	賰賮乇	synonyms-json
賰賳丿	賲丨丕	synonyms-json
賰賵亘	賰丕爻	synonyms-json
賰賵賰亘	賳噩賲	synonyms-json
賱丕丕亘乇丨	賱丕丕夭丕賱	synonyms-json
賱丕丕夭丕賱	賱丕丕亘乇丨	synonyms-json
賱丕鬲	賱賷爻	synonyms-json
賱亘	丨噩乇	synonyms-json
賱亘	丨賱賲	synonyms-json
賱亘	毓賯賱	synonyms-json
賱亘	賮亍丕丿	synonyms-json
賱亘	賯賱亘	synonyms-json
賱亘	賳賴丕	synonyms-json
賱亘丕爻	孬賷丕亘	synonyms-json
賱亘孬	孬賵丕	synonyms-json
賱亘孬	賲賰孬	synonyms-json
賱亘丿	噩賲	synonyms-json
賱亘丿	睾丿賯	synonyms-json
賱亘丿	賰孬賷乇	synonyms-json
賱亘爻	禺賱胤	synonyms-json
賱亘爻	卮賵亘	synonyms-json
賱亘爻	賲乇丨	synonyms-json
賱亘爻	賲夭噩	synonyms-json
賱丨賯	鬲亘毓	synonyms-json
賱丨賯	丕鬲亘毓	synonyms-json
賱丨賯	賯氐	synonyms-json
賱丨賯	賯賮丕	synonyms-json
賱毓亘	賱賴賵	synonyms-json
賱毓亘	賴夭賱	synonyms-json
賱睾賵亘	丕毓賷丕亍	synonyms-json
賱睾賵亘	賳氐亘	synonyms-json
賱賮賷賮丕	噩賲賷毓丕	synonyms-json
賱賯丕亍	丕噩鬲賲丕毓	synonyms-json
賱賯賷	孬賯賮	synonyms-json
賱賯賷	丕賱賮丕	synonyms-json
賱賯賷	賵噩丿	synonyms-json
賱賲夭	睾賲夭	synonyms-json
賱賲夭	賴賲夭	synonyms-json
賱賲爻	賲爻	synonyms-json
賱賵丨	丕賲丕賲	synonyms-json
賱賵丨	乇賯賷賲	synonyms-json
賱賵丨	賲爻胤賵乇	synonyms-json
賱賵丨	爻賮乇	synonyms-json
賱賵丨	賯胤	synonyms-json
賱賵丨	賰鬲丕亘	synonyms-json
賱賵賲	鬲孬乇賷亘	synonyms-json
賱賷爻	賱丕鬲	synonyms-json
賱賷賳丞	賳禺賱丞	synonyms-json
賲丕鬲	鬲乇丿丕	synonyms-json
賲丕鬲	夭賴賯	synonyms-json
賲丕鬲	賴賱賰	synonyms-json
賲丕禺乇丞	噩丕乇賷丞	synonyms-json
賲丕禺乇丞	爻賮賷賳丞	synonyms-json
賲丕禺乇丞	賮賱賰	synonyms-json
賲丕丿	噩賳丨	synonyms-json
賲丕丿	噩賳賮	synonyms-json
賲丕丿	乇賰賳	synonyms-json
賲丕丿	夭丕睾	synonyms-json
賲丕丿	氐睾丕	synonyms-json
賲丕丿	毓丕賱	synonyms-json
賲丕丿	賲丕賱	synonyms-json
賲丕乇鬲	丕賳卮賯鬲	synonyms-json
賲丕乇鬲	賮乇噩鬲	synonyms-json
賲丕乇鬲	丕賳賮胤乇鬲	synonyms-json
賲丕乇鬲	賰卮胤鬲	synonyms-json
賲丕夭	夭賷賱	synonyms-json
賲丕夭	毓夭賱	synonyms-json
賲丕賱	丕禺胤丕	synonyms-json
賲亘毓賵孬	賲丿賷賳	synonyms-json
賲鬲丕毓	毓乇囟	synonyms-json
賲鬲噩丕賳賮	賲鬲毓賲丿	synonyms-json
賲鬲毓賲丿	賲鬲噩丕賳賮	synonyms-json
賲孬賱	賳丿	synonyms-json
賲孬賵丕	賲爻鬲賯乇	synonyms-json
賲孬賵丕	賲爻鬲賵丿毓	synonyms-json
賲丨丕	爻鬲乇	synonyms-json
賲丨丕	氐賮丨	synonyms-json
賲丨丕	毓賮丕	synonyms-json
賲丨丕	睾胤丕	synonyms-json
賲丨丕	賰賮乇	synonyms-json
賲丨丕	賰賳丿	synonyms-json
賲禺乇噩	爻亘賷賱	synonyms-json
賲禺乇噩	賮乇賯丕賳	synonyms-json
賲禺賲氐丞	噩賵毓	synonyms-json
賲禺賲氐丞	賲爻睾亘丞	synonyms-json
賲禺賲氐丞	丕賲賱丕賯	synonyms-json
賲丿	爻胤丨	synonyms-json
賲丿	胤丨丕	synonyms-json
賲丿賷賳	賲亘毓賵孬	synonyms-json
賲乇丕亍	噩丿丕賱	synonyms-json
賲乇丕亍	丨噩丕噩	synonyms-json
賲乇丞	鬲丕乇丞	synonyms-json
賲乇丨	禺賱胤	synonyms-json
賲乇丨	卮賵亘	synonyms-json
賲乇丨	賱亘爻	synonyms-json
賲乇丨	賲夭噩	synonyms-json
賲乇囟	夭賳丕	synonyms-json
賲乇囟	爻賮丕丨	synonyms-json
賲乇賷亍	賴賳賷亍	synonyms-json
賲夭噩	禺賱胤	synonyms-json
賲夭噩	卮賵亘	synonyms-json
賲夭噩	賱亘爻	synonyms-json
賲夭噩	賲乇丨	synonyms-json
賲夭噩丕丞	賯賱賷賱丞	synonyms-json
賲夭噩丕丞	賷爻賷乇丞	synonyms-json
賲夭賳	禺賱丕賱	synonyms-json
賲夭賳	爻丨丕亘	synonyms-json
賲夭賳	馗賱丞	synonyms-json
賲夭賳	毓丕乇囟	synonyms-json
賲夭賳	賲毓氐乇丕鬲	synonyms-json
賲夭賳	睾賲丕賲丞	synonyms-json
賲爻	賱賲爻	synonyms-json
賲爻丕賰賳	亘賷賵鬲	synonyms-json
賲爻丕賰賳	丿賷丕乇	synonyms-json
賲爻丕賰賳	氐乇丨	synonyms-json
賲爻丕賰賳	丕賰賳丕賳	synonyms-json
賲爻鬲賯乇	賲孬賵丕	synonyms-json
賲爻鬲賯乇	賲爻鬲賵丿毓	synonyms-json
賲爻鬲賰賷賳	禺丕爻亍	synonyms-json
賲爻鬲賰賷賳	匕賱賷賱	synonyms-json
賲爻鬲賰賷賳	氐丕睾乇	synonyms-json
賲爻鬲賰賷賳	賲賴丕賳	synonyms-json
賲爻鬲賲乇	禺丕賱丿	synonyms-json
賲爻鬲賲乇	丿丕亍賲	synonyms-json
賲爻鬲賲乇	爻乇賲丿	synonyms-json
賲爻鬲賲乇	賵丕氐亘	synonyms-json
賲爻鬲賵丿毓	賲孬賵丕	synonyms-json
賲爻鬲賵丿毓	賲爻鬲賯乇	synonyms-json
賲爻胤賵乇	丕賲丕賲	synonyms-json
賲爻胤賵乇	乇賯賷賲	synonyms-json
賲爻胤賵乇	爻賮乇	synonyms-json
賲爻胤賵乇	賯胤	synonyms-json
賲爻胤賵乇	賰鬲丕亘	synonyms-json
賲爻胤賵乇	賱賵丨	synonyms-json
賲爻睾亘丞	噩賵毓	synonyms-json
賲爻睾亘丞	賲禺賲氐丞	synonyms-json
賲爻睾亘丞	丕賲賱丕賯	synonyms-json
賲爻賰賷賳	亘丕亍爻	synonyms-json
賲爻賰賷賳	賲毓鬲乇	synonyms-json
賲爻賰賷賳	毓丕亍賱	synonyms-json
賲爻賰賷賳	賮賯賷乇	synonyms-json
賲爻賰賷賳	賯丕賳毓	synonyms-json
賲爻賰賷賳	賲賲賱賯	synonyms-json
賲卮丕賲丞	卮賲丕賱	synonyms-json
賲囟鬲	禺賱鬲	synonyms-json
賲囟賵丕	匕賴亘賵丕	synonyms-json
賲囟賵丕	丕賳賮囟賵丕	synonyms-json
賲囟賷亍	孬丕賯亘	synonyms-json
賲囟賷亍	丿乇賷	synonyms-json
賲胤乇	乇夭賯	synonyms-json
賲胤乇	睾賷孬	synonyms-json
賲胤乇	賵丿賯	synonyms-json
賲毓鬲乇	亘丕亍爻	synonyms-json
賲毓鬲乇	賲爻賰賷賳	synonyms-json
賲毓鬲乇	毓丕亍賱	synonyms-json
賲毓鬲乇	賮賯賷乇	synonyms-json
賲毓鬲乇	賯丕賳毓	synonyms-json
賲毓鬲乇	賲賲賱賯	synonyms-json
賲毓噩夭	爻丕亘賯	synonyms-json
賲毓氐乇丕鬲	禺賱丕賱	synonyms-json
賲毓氐乇丕鬲	爻丨丕亘	synonyms-json
賲毓氐乇丕鬲	馗賱丞	synonyms-json
賲毓氐乇丕鬲	毓丕乇囟	synonyms-json
賲毓氐乇丕鬲	睾賲丕賲丞	synonyms-json
賲毓氐乇丕鬲	賲夭賳	synonyms-json
賲毓氐賷丞	丕孬賲	synonyms-json
賲毓氐賷丞	噩乇賲	synonyms-json
賲毓氐賷丞	丨賳孬	synonyms-json
賲毓氐賷丞	丨賵亘	synonyms-json
賲毓氐賷丞	匕賳亘	synonyms-json
賲毓氐賷丞	禺胤賷亍丞	synonyms-json
賲毓氐賷丞	毓賳鬲	synonyms-json
賲毓氐賷丞	賵夭乇	synonyms-json
賲賮丕鬲賷丨	賲賯丕賱賷丿	synonyms-json
賲賯丕賱賷丿	賲賮丕鬲賷丨	synonyms-json
賲賯鬲	亘睾囟丕亍	synonyms-json
賲賯鬲	卮賳亍賳	synonyms-json
賲賯鬲	賯賱丕	synonyms-json
賲賯鬲	賰乇賴	synonyms-json
賲賯鬲丿乇	賲賯賷鬲	synonyms-json
賲賯卮毓乇丞	禺丕卮毓丞	synonyms-json
賲賯賷鬲	賲賯鬲丿乇	synonyms-json
賲賰孬	孬賵丕	synonyms-json
賲賰孬	賱亘孬	synonyms-json
賲賰乇	禺丿毓	synonyms-json
賲賰乇	睾乇	synonyms-json
賲賱丕	丿賴賯	synonyms-json
賲賱丕	爻噩乇	synonyms-json
賲賱丞	丿賷賳	synonyms-json
賲賱丞	卮乇賷毓丞	synonyms-json
賲賱鬲丨丿	賲賱噩丕	synonyms-json
賲賱鬲丨丿	賲賳丕氐	synonyms-json
賲賱鬲丨丿	賲賵亍賱	synonyms-json
賲賱鬲丨丿	賵夭乇	synonyms-json
賲賱噩丕	賲賱鬲丨丿	synonyms-json
賲賱噩丕	賲賳丕氐	synonyms-json
賲賱噩丕	賲賵亍賱	synonyms-json
賲賱噩丕	賵夭乇	synonyms-json
賲賱賰	爻賱胤丕賳	synonyms-json
賲賲賱賯	亘丕亍爻	synonyms-json
賲賲賱賯	賲爻賰賷賳	synonyms-json
賲賲賱賯	賲毓鬲乇	synonyms-json
賲賲賱賯	毓丕亍賱	synonyms-json
賲賲賱賯	賮賯賷乇	synonyms-json
賲賲賱賯	賯丕賳毓	synonyms-json
賲賳丕氐	賲賱噩丕	synonyms-json
賲賳丕氐	賲賱鬲丨丿	synonyms-json
賲賳丕氐	賲賵亍賱	synonyms-json
賲賳丕氐	賵夭乇	synonyms-json
賲賳爻丕丞	毓氐丕	synonyms-json
賲賳毓	氐丿	synonyms-json
賲賳賴丕噩	卮乇毓丞	synonyms-json
賲賴丕丿	賮乇丕卮	synonyms-json
賲賴丕賳	禺丕爻亍	synonyms-json
賲賴丕賳	匕賱賷賱	synonyms-json
賲賴丕賳	賲爻鬲賰賷賳	synonyms-json
賲賴丕賳	氐丕睾乇	synonyms-json
賲賴賷賳	卮丕賴丿	synonyms-json
賲賵亍賱	賲賱噩丕	synonyms-json
賲賵亍賱	賲賱鬲丨丿	synonyms-json
賲賵亍賱	賲賳丕氐	synonyms-json
賲賵亍賱	賵夭乇	synonyms-json
賲賵丕賱賷	孬亘丕鬲	synonyms-json
賲賵丕賱賷	孬賱丞	synonyms-json
賲賵丕賱賷	丨夭亘	synonyms-json
賲賵丕賱賷	乇賴胤	synonyms-json
賲賵丕賱賷	夭賲乇丞	synonyms-json
賲賵丕賱賷	卮乇匕賲丞	synonyms-json
賲賵丕賱賷	胤丕亍賮丞	synonyms-json
賲賵丕賱賷	毓氐亘丞	synonyms-json
賲賵丕賱賷	賮亍丞	synonyms-json
賲賵丕賱賷	賮乇賷賯	synonyms-json
賲賵丕賱賷	賮賵噩	synonyms-json
賲賵丕賱賷	賳賮乇	synonyms-json
賲賷孬丕賯	丕氐乇	synonyms-json
賲賷孬丕賯	亘賷毓丞	synonyms-json
賲賷孬丕賯	毓賯丿	synonyms-json
賲賷孬丕賯	毓賴丿	synonyms-json
賲賷夭丕賳	賯爻胤丕爻	synonyms-json
賲賷賲賳丞	賷賲賷賳	synonyms-json
賳丕亍	亘毓賷丿	synonyms-json
賳丕亍	賯丕氐	synonyms-json
賳丕爻	丕賳丕賲	synonyms-json
賳丕爻	亘卮乇	synonyms-json
賳丕爻	亘乇賷丞	synonyms-json
賳丕爻	噩亘賱丞	synonyms-json
賳丕爻	禺賱賯	synonyms-json
賳丕氐	丕亘賯	synonyms-json
賳丕氐	賮乇	synonyms-json
賳丕氐	賴乇亘	synonyms-json
賳丕賲	賴噩毓	synonyms-json
賳亘丕鬲	夭乇毓	synonyms-json
賳亘丕鬲	卮噩乇	synonyms-json
賳亘丕鬲	賳噩賲	synonyms-json
賳噩丿	噩丿丿	synonyms-json
賳噩丿	丨亘賰	synonyms-json
賳噩丿	乇賷毓	synonyms-json
賳噩丿	爻亘賷賱	synonyms-json
賳噩丿	氐乇丕胤	synonyms-json
賳噩丿	胤乇賷賯	synonyms-json
賳噩丿	賮噩	synonyms-json
賳噩賲	賰賵賰亘	synonyms-json
賳丨丕爻	賯胤乇	synonyms-json
賳丨鬲	噩丕亘	synonyms-json
賳丨賱	賮乇囟	synonyms-json
賳丨賱	賰鬲亘	synonyms-json
賳丨賱丞	氐丿賯丞	synonyms-json
賳丨賱丞	毓胤賷丞	synonyms-json
賳丨賱丞	賴亘丞	synonyms-json
賳丨賱丞	賴丿賷丞	synonyms-json
賳禺賱丞	賱賷賳丞	synonyms-json
賳丿	賲孬賱	synonyms-json
賳丿丕亍	丿毓丕亍	synonyms-json
賳夭睾	賵爻賵爻	synonyms-json
賳夭賱	丕禺亘鬲	synonyms-json
賳夭賱	禺卮毓	synonyms-json
賳夭賱	禺囟毓	synonyms-json
賳夭賱	賴亘胤	synonyms-json
賳爻丕	丕禺乇	synonyms-json
賳爻丕亍	丕夭賵丕噩	synonyms-json
賳爻禺	夭亘乇	synonyms-json
賳爻禺	賰鬲亘	synonyms-json
賳爻賱	禺乇噩	synonyms-json
賳爻賷丕賳	爻賴賵	synonyms-json
賳爻賷丕賳	睾賮賱丞	synonyms-json
賳爻賷丕賳	睾賲乇丞	synonyms-json
賳爻賷丕賳	囟賱丕賱	synonyms-json
賳氐亘	丕毓賷丕亍	synonyms-json
賳氐亘	賱睾賵亘	synonyms-json
賳氐賷亘	禺賱丕賯	synonyms-json
賳氐賷亘	匕賳賵亘	synonyms-json
賳氐賷亘	賰賮賱	synonyms-json
賳囟噩	丕賳丕	synonyms-json
賳囟噩	氐賴乇	synonyms-json
賳胤賯	賯賵賱	synonyms-json
賳胤賯	賰賱丕賲	synonyms-json
賳馗乇	亍賳爻	synonyms-json
賳馗乇	丕亘氐乇	synonyms-json
賳馗乇	乇亍丕	synonyms-json
賳毓賲丕亍	爻乇丕亍	synonyms-json
賳睾囟	丨乇賰	synonyms-json
賳賮丕賯	乇賷丕亍	synonyms-json
賳賮乇	丕卮賲丕夭	synonyms-json
賳賮爻	乇賵丨	synonyms-json
賳賯氐	丕賱鬲	synonyms-json
賳賯氐	亘禺爻	synonyms-json
賳賯氐	禺爻乇	synonyms-json
賳賯氐	賴囟賲	synonyms-json
賳賯氐	賵鬲乇	synonyms-json
賳賯囟	賳賰孬	synonyms-json
賳賰孬	賳賯囟	synonyms-json
賳賰爻	丕賯賲丨	synonyms-json
賳賰爻	丕賯賳毓	synonyms-json
賳賰氐	亍亘	synonyms-json
賳賰氐	丨丕乇	synonyms-json
賳賰氐	乇噩毓	synonyms-json
賳賰氐	丕乇鬲丿	synonyms-json
賳賰氐	毓丕丿	synonyms-json
賳賰氐	賮丕亍	synonyms-json
賳賰氐	丕賳賯賱亘	synonyms-json
賳賰賱	卮乇丿	synonyms-json
賳賴丕	丨噩乇	synonyms-json
賳賴丕	丨賱賲	synonyms-json
賳賴丕	毓賯賱	synonyms-json
賳賴丕	賮亍丕丿	synonyms-json
賳賴丕	賯賱亘	synonyms-json
賳賴丕	賱亘	synonyms-json
賳賵乇	囟賷丕亍	synonyms-json
賳賵賲	亘乇丿	synonyms-json
賴亘丞	氐丿賯丞	synonyms-json
賴亘丞	毓胤賷丞	synonyms-json
賴亘丞	賳丨賱丞	synonyms-json
賴亘丞	賴丿賷丞	synonyms-json
賴亘胤	丕禺亘鬲	synonyms-json
賴亘胤	禺卮毓	synonyms-json
賴亘胤	禺囟毓	synonyms-json
賴亘胤	賳夭賱	synonyms-json
賴噩毓	賳丕賲	synonyms-json
賴丿丕	丕乇卮丿	synonyms-json
賴丿賳丕	鬲亘賳丕	synonyms-json
賴丿賳丕	丕賳亘賳丕	synonyms-json
賴丿賷丞	氐丿賯丞	synonyms-json
賴丿賷丞	毓胤賷丞	synonyms-json
賴丿賷丞	賳丨賱丞	synonyms-json
賴丿賷丞	賴亘丞	synonyms-json
賴乇亘	丕亘賯	synonyms-json
賴乇亘	賮乇	synonyms-json
賴乇亘	賳丕氐	synonyms-json
賴夭賱	賱毓亘	synonyms-json
賴夭賱	賱賴賵	synonyms-json
賴囟賲	噩賵乇	synonyms-json
賴囟賲	乇賴賯	synonyms-json
賴囟賲	囟賷夭	synonyms-json
賴囟賲	馗賱賲	synonyms-json
賴賱丕賰	亘毓丿	synonyms-json
賴賱丕賰	亘賵丕乇	synonyms-json
賴賱丕賰	鬲亘丕乇	synonyms-json
賴賱丕賰	鬲丿賲賷乇	synonyms-json
賴賱賰	鬲乇丿丕	synonyms-json
賴賱賰	夭賴賯	synonyms-json
賴賱賰	賲丕鬲	synonyms-json
賴賲	睾賲	synonyms-json
賴賲夭	睾賲夭	synonyms-json
賴賲夭	賱賲夭	synonyms-json
賴賳賷亍	賲乇賷亍	synonyms-json
賴賵丕	卮賴賵丞	synonyms-json
賵丕氐亘	禺丕賱丿	synonyms-json
賵丕氐亘	丿丕亍賲	synonyms-json
賵丕氐亘	爻乇賲丿	synonyms-json
賵丕氐亘	賲爻鬲賲乇	synonyms-json
賵丕賱丿	丕亘	synonyms-json
賵丕賱丿丞	丕賲	synonyms-json
賵亘賷賱	亘亍賷爻	synonyms-json
賵亘賷賱	乇丕亘賷丞	synonyms-json
賵亘賷賱	卮丿賷丿	synonyms-json
賵亘賷賱	毓氐賷亘	synonyms-json
賵鬲乇	丕賱鬲	synonyms-json
賵鬲乇	亘禺爻	synonyms-json
賵鬲乇	禺爻乇	synonyms-json
賵鬲乇	賳賯氐	synonyms-json
賵鬲乇	賴囟賲	synonyms-json
賵孬賳	乇噩夭	synonyms-json
賵孬賳	氐賳賲	synonyms-json
賵孬賳	胤丕睾賵鬲	synonyms-json
賵孬賳	鬲賲孬丕賱	synonyms-json
賵噩丿	孬賯賮	synonyms-json
賵噩丿	丕賱賮丕	synonyms-json
賵噩丿	賱賯賷	synonyms-json
賵噩賮	禺卮賷丞	synonyms-json
賵噩賮	禺賵賮	synonyms-json
賵噩賮	乇噩丕亍	synonyms-json
賵噩賮	乇賴亘丞	synonyms-json
賵噩賮	賮夭毓	synonyms-json
賵噩賮	賵噩賱	synonyms-json
賵噩賱	禺卮賷丞	synonyms-json
賵噩賱	禺賵賮	synonyms-json
賵噩賱	乇噩丕亍	synonyms-json
賵噩賱	乇賴亘丞	synonyms-json
賵噩賱	賮夭毓	synonyms-json
賵噩賱	賵噩賮	synonyms-json
賵噩賴賴賲	賮賵乇賴賲	synonyms-json
賵丿	丨亘	synonyms-json
賵丿賯	乇夭賯	synonyms-json
賵丿賯	賲胤乇	synonyms-json
賵丿賯	睾賷孬	synonyms-json
賵乇丕亍	丕賲丕賲	synonyms-json
賵夭乇	丕孬賲	synonyms-json
賵夭乇	噩乇賲	synonyms-json
賵夭乇	丨賳孬	synonyms-json
賵夭乇	丨賵亘	synonyms-json
賵夭乇	匕賳亘	synonyms-json
賵夭乇	禺胤賷亍丞	synonyms-json
賵夭乇	賲毓氐賷丞	synonyms-json
賵夭乇	毓賳鬲	synonyms-json
賵爻胤	毓丿賱	synonyms-json
賵爻胤	賯爻胤	synonyms-json
賵爻賵爻	賳夭睾	synonyms-json
賵氐亘	丕賱賲	synonyms-json
賵賯丕乇	丨賱賲	synonyms-json
賵賯丕乇	爻賰賷賳丞	synonyms-json
賵賯鬲	丿賴乇	synonyms-json
賵賯鬲	夭賲丕賳	synonyms-json
賵賯鬲	毓氐乇	synonyms-json
賵賱丿	丕亘賳	synonyms-json
賵賱丿丕賳	睾賱賲丕賳	synonyms-json
賵賱丿丕賳	賮鬲賷丕賳	synonyms-json
賵賱賷	丨賲賷賲	synonyms-json
賵賱賷	禺丿賳	synonyms-json
賵賱賷	禺賱賷賱	synonyms-json
賵賱賷	氐丕丨亘	synonyms-json
賵賱賷	氐丿賷賯	synonyms-json
賵賱賷	賯乇賷賳	synonyms-json
賵賱賷噩丞	亘胤丕鬲丞	synonyms-json
賵賴賳	囟毓賮	synonyms-json
賷亍爻	鬲亘賷賳	synonyms-json
賷亍爻	丕賷賯賳	synonyms-json
賷亘賯賷	賷鬲乇賰	synonyms-json
賷亘賯賷	賷賮乇胤	synonyms-json
賷亘賯賷	賷丿毓	synonyms-json
賷亘賯賷	賷匕乇	synonyms-json
賷鬲乇賰	賷亘賯賷	synonyms-json
賷鬲乇賰	賷賮乇胤	synonyms-json
賷鬲乇賰	賷丿毓	synonyms-json
賷鬲乇賰	賷匕乇	synonyms-json
賷鬲賲鬲毓	賷睾賳賷	synonyms-json
賷鬲賲賳賵賳	賷丿毓賵賳	synonyms-json
賷鬲賲賳賵賳	賷卮鬲賴賵賳	synonyms-json
賷丿	噩賳丕丨	synonyms-json
賷丿毓	賷亘賯賷	synonyms-json
賷丿毓	賷鬲乇賰	synonyms-json
賷丿毓	賷賮乇胤	synonyms-json
賷丿毓	賷匕乇	synonyms-json
賷丿毓賵賳	賷卮鬲賴賵賳	synonyms-json
賷丿毓賵賳	賷鬲賲賳賵賳	synonyms-json
賷匕乇	賷亘賯賷	synonyms-json
賷匕乇	賷鬲乇賰	synonyms-json
賷匕乇	賷賮乇胤	synonyms-json
賷匕乇	賷丿毓	synonyms-json
賷乇爻賱	賷夭噩賷	synonyms-json
賷乇爻賱	賷賮鬲丨	synonyms-json
賷夭噩賷	賷乇爻賱	synonyms-json
賷夭噩賷	賷賮鬲丨	synonyms-json
賷夭賮賵賳	賷爻毓賵賳	synonyms-json
賷夭賮賵賳	賷賴乇毓賵賳	synonyms-json
賷爻毓賵賳	賷夭賮賵賳	synonyms-json
賷爻毓賵賳	賷賴乇毓賵賳	synonyms-json
賷爻賷乇	賷賲卮賷	synonyms-json
賷爻賷乇丞	賲夭噩丕丞	synonyms-json
賷爻賷乇丞	賯賱賷賱丞	synonyms-json
賷卮鬲賴賵賳	賷丿毓賵賳	synonyms-json
賷卮鬲賴賵賳	賷鬲賲賳賵賳	synonyms-json
賷睾賳賷	賷鬲賲鬲毓	synonyms-json
賷賮鬲丨	賷乇爻賱	synonyms-json
賷賮鬲丨	賷夭噩賷	synonyms-json
賷賮乇胤	賷亘賯賷	synonyms-json
賷賮乇胤	賷鬲乇賰	synonyms-json
賷賮乇胤	賷丿毓	synonyms-json
賷賮乇胤	賷匕乇	synonyms-json
賷賲	亘丨乇	synonyms-json
賷賲卮賷	賷爻賷乇	synonyms-json
賷賲賷賳	亍鬲丕	synonyms-json
賷賲賷賳	丕亍鬲賱丕	synonyms-json
賷賲賷賳	丨賱賮	synonyms-json
賷賲賷賳	丕賯爻賲	synonyms-json
賷賳亘賵毓	毓賷賳	synonyms-json
賷賴乇毓賵賳	賷夭賮賵賳	synonyms-json
賷賴乇毓賵賳	賷爻毓賵賳	synonyms-json
